web_scraper_order,web_scraper_start_url,price,description,sku,name,data,brand,data2,data3,data4,data5,data6,data7,data8,data9,data10,data11,data12,data13,data14,data15,data16,data17,data18,data19,data20,image
"1778257121-1","https://www.infinit.com.uy/catalogo/conectividad/infinit/","8","1 Año de Garantía","PRV-SWI77","Switch HIKVISION DS-3E0105D-O 5 Puertos 10/100 Carcasa Plástica","","HIKVISION","",",00","0","USD","Cód.","Comprar","","","","Antes","USD",",00","Precio","IVA inc.","En stock","En stock","Cantidad","","","https://www.infinit.com.uy/imgs/productos/productos1_37830.jpg"
"1778257121-2","https://www.infinit.com.uy/catalogo/conectividad/infinit/","9","Garantía: 1 AÑO / NUEVO","MW300UH","Adaptador Tarjeta De Red Usb Wifi MERCUSYS MW300UH 300mbps 2 Antenas Externas","-25%","MERCUSYS","25",",00","12","USD","Cód.","Comprar","","","","Antes","USD",",00","Ahora","IVA inc.","En stock","En stock","Cantidad","","%","https://www.infinit.com.uy/imgs/productos/productos3_8964.jpg"
"1778257121-3","https://www.infinit.com.uy/catalogo/conectividad/infinit/","9","Garantía: 1 AÑO / NUEVO","MW300UM","Adaptador Usb Wifi Inalambrico MERCUSYS Mw300um 300Mbps","-31%","MERCUSYS","31",",00","13","USD","Cód.","Comprar","","NEGRO","","Antes","USD",",00","Ahora","IVA inc.","En stock","En stock","Cantidad","Color","%","https://www.infinit.com.uy/imgs/productos/productos3_9494.jpg"
"1778257121-4","https://www.infinit.com.uy/catalogo/conectividad/infinit/","10","Garantía: 2 AÑOS / NUEVO","MU6H","Adaptador Usb Wifi Inalambrico MERCUSYS AC650 633Mbps Antena 5dBi Dual Band Alta Ganancia","-29%","MERCUSYS","29",",00","14","USD","Cód.","","Consultar","NEGRO","","Antes","USD",",00","Ahora","IVA inc.","Agotado","Agotado","","Color","%","https://www.infinit.com.uy/imgs/productos/productos3_14460.jpg"
"1778257121-5","https://www.infinit.com.uy/catalogo/conectividad/infinit/","10","1 Año de Garantía","PRV-SWI78","Switch HIKVISION DS-3E0108D-O 8 Puertos 10/100 Carcasa Plástica","","HIKVISION","",",70","0","USD","Cód.","Comprar","","","","Antes","USD",",00","Precio","IVA inc.","En stock","En stock","Cantidad","","","https://www.infinit.com.uy/imgs/productos/productos3_37832.jpg"
"1778257121-6","https://www.infinit.com.uy/catalogo/conectividad/infinit/","12","1 Año de Garantía","PRV-SWI08","Switch TENDA S108 8 Puertos 10/100 Carcasa Plástica","","TENDA","",",10","0","USD","Cód.","Comprar","","","","Antes","USD",",00","Precio","IVA inc.","En stock","En stock","Cantidad","","","https://www.infinit.com.uy/imgs/productos/productos3_37798.jpg"
"1778257121-7","https://www.infinit.com.uy/catalogo/conectividad/infinit/","13","Garantía: 1 AÑO / NUEVO","TAPOP100","Enchufe Inteligente TPLINK TAPO P100 Wifi Carga 2300w 10a Android iOS Control Con Google Assistant Amazon Alexa","-24%","TP-LINK","24",",00","17","USD","Cód.","Comprar","","","","Antes","USD",",00","Ahora","IVA inc.","En stock","En stock","Cantidad","","%","https://www.infinit.com.uy/imgs/productos/productos3_25618.jpg"
"1778257121-8","https://www.infinit.com.uy/catalogo/conectividad/infinit/","14","Garantía: 2 AÑOS / NUEVO","T2U","Adaptador Usb Wifi Inalambrico TP-LINK T2U Doble Banda AC600 433Mbps + 200Mbps 2.4 y 5Ghz","-7%","TP-LINK","7",",00","15","USD","Cód.","","Consultar","","","Antes","USD",",00","Ahora","IVA inc.","Agotado","Agotado","","","%","https://www.infinit.com.uy/imgs/productos/productos3_40402.jpg"
"1778257121-9","https://www.infinit.com.uy/catalogo/conectividad/infinit/","15","1 Año de Garantía","PRV-SWI75","Switch HIKVISION DS-3E0505D-O 5 Puertos Gigabit Carcasa Plástica","","HIKVISION","",",40","0","USD","Cód.","Comprar","","","","Antes","USD",",00","Precio","IVA inc.","En stock","En stock","Cantidad","","","https://www.infinit.com.uy/imgs/productos/productos3_37827.jpg"
"1778257121-10","https://www.infinit.com.uy/catalogo/conectividad/infinit/","20","Garantía: 1 AÑO / NUEVO","T02416","Repetidor Wifi MERCUSYS MW300RE 300mbps Inalambrico 2 Antenas Exteriores","","MERCUSYS","",",00","0","USD","Cód.","Comprar","","BLANCO","","Antes","USD",",00","Precio","IVA inc.","En stock","En stock","Cantidad","Color","","https://www.infinit.com.uy/imgs/productos/productos3_37333.jpg"
"1778257121-11","https://www.infinit.com.uy/catalogo/conectividad/infinit/","20","Garantía: 1 AÑO / NUEVO","MS108G","Switch Mercusys Ms108g 8 Puertos Gigabit Soporte Mdi Mdix","-13%","MERCUSYS","13",",00","23","USD","Cód.","Comprar","","","Destacado","Antes","USD",",00","Ahora","IVA inc.","En stock","En stock","Cantidad","","%","https://www.infinit.com.uy/imgs/productos/productos3_21999.jpg"
"1778257121-12","https://www.infinit.com.uy/catalogo/conectividad/infinit/","20","Garantía: 1 AÑO / NUEVO","TAPOP100X2","Enchufe Inteligente TPLINK TAPO P100 X2 Wifi Carga 2300w 10a Android iOS Control Con Google Assistant Amazon Alexa","-5%","TP-LINK","5",",00","21","USD","Cód.","Comprar","","BLANCO","","Antes","USD",",00","Ahora","IVA inc.","En stock","En stock","Cantidad","Color","%","https://www.infinit.com.uy/imgs/productos/productos3_36115.jpg"
"1778257121-13","https://www.infinit.com.uy/catalogo/conectividad/infinit/","21","1 Año de Garantía","PRV-SWI79","Switch HIKVISION DS-3E0505-O 5 Puertos Gigabit Carcasa Metal","","HIKVISION","",",10","0","USD","Cód.","Comprar","","","","Antes","USD",",00","Precio","IVA inc.","En stock","En stock","Cantidad","","","https://www.infinit.com.uy/imgs/productos/productos3_37834.jpg"
"1778257121-14","https://www.infinit.com.uy/catalogo/conectividad/infinit/","26","Garantía: 2 AÑOS / NUEVO","ARCHERT4U","Adaptador Usb Wifi Tplink T4u Dual Band Ac1300 2.4 y 5Ghz 2 Antenas Externas De Alta Ganancia","-4%","TP-LINK","4",",00","27","USD","Cód.","Comprar","","NEGRO","","Antes","USD",",00","Ahora","IVA inc.","En stock","En stock","Cantidad","Color","%","https://www.infinit.com.uy/imgs/productos/productos3_31717.jpg"
"1778257121-15","https://www.infinit.com.uy/catalogo/conectividad/infinit/","27","1 Año de Garantía","PRV-SWI76","Switch HIKVISION DS-3E0508D-O 8 Puertos Gigabit Carcasa Plástica","","HIKVISION","",",90","0","USD","Cód.","Comprar","","","","Antes","USD",",00","Precio","IVA inc.","En stock","En stock","Cantidad","","","https://www.infinit.com.uy/imgs/productos/productos3_37828.jpg"
"1778257121-16","https://www.infinit.com.uy/catalogo/conectividad/infinit/","29","1 AÑO DE GARANTIA / NUEVO","TSG1008D","Switch Tplink Tl-Sg1008d 8 Puertos Lan Gigabit","","TP-LINK","",",00","29","USD","Cód.","Comprar","","","Destacado","Antes","USD",",00","Precio","IVA inc.","En stock","En stock","Cantidad","","","https://www.infinit.com.uy/imgs/productos/productos3_8930.jpg"
"1778257121-17","https://www.infinit.com.uy/catalogo/conectividad/infinit/","32","1 Año de Garantía","PRV-SWI100","Switch TENDA S16 16 Puertos 10/100 Carcasa Plástica","","TENDA","",",74","0","USD","Cód.","Comprar","","","","Antes","USD",",00","Precio","IVA inc.","En stock","En stock","Cantidad","","","https://www.infinit.com.uy/imgs/productos/productos3_37799.jpg"
"1778257121-18","https://www.infinit.com.uy/catalogo/conectividad/infinit/","37","Garantía: 1 AÑO / NUEVO","MR60X","Router WiFi MERCUSYS MR60X AX1500 Wifi 6 1201mbps y 300mbps Dual Band 2.4 y 5Ghz Gigabit 4 Antenas","-23%","MERCUSYS","23",",00","48","USD","Cód.","Comprar","","NEGRO","","Antes","USD",",00","Ahora","IVA inc.","En stock","En stock","Cantidad","Color","%","https://www.infinit.com.uy/imgs/productos/productos3_35866.jpg"
"1778257121-19","https://www.infinit.com.uy/catalogo/conectividad/infinit/","40","Garantía: 1 AÑO / NUEVO","SF1005LP","Switch Tplink Tl-Sf1005lp 5 Puertos Lan 4 Puertos POE Con Alimentacion HAsta 41w","","TP-LINK","",",00","0","USD","Cód.","Comprar","","NEGRO","Destacado","Antes","USD",",00","Precio","IVA inc.","En stock","En stock","Cantidad","Color","","https://www.infinit.com.uy/imgs/productos/productos3_25674.jpg"
"1778257121-20","https://www.infinit.com.uy/catalogo/conectividad/infinit/","41","Garantía: 1 AÑO / NUEVO","HALOS32","Access Point Mesh Wifi System Mercusys Halo S3 300MBPS Pack 2 Unidades","","MERCUSYS","",",00","35","USD","Cód.","","Consultar","BLANCO","","Antes","USD",",00","Ahora","IVA inc.","Agotado","Agotado","","Color","","https://www.infinit.com.uy/imgs/productos/productos3_14463.jpg"
"1778257121-21","https://www.infinit.com.uy/catalogo/conectividad/infinit/","44","Garantía: 2 AÑOS / NUEVO","TX50UH","Adaptador Usb TPLINK Tx50uh Wifi 6 Dual Band Ac3000 2.4 y 5Ghz 2 Alta Ganancia","-4%","TP-LINK","4",",00","46","USD","Cód.","Comprar","","GRIS","","Antes","USD",",00","Ahora","IVA inc.","En stock","En stock","Cantidad","Color","%","https://www.infinit.com.uy/imgs/productos/productos3_36219.jpg"
"1778257121-22","https://www.infinit.com.uy/catalogo/conectividad/infinit/","48","Garantía: 1 AÑO / NUEVO","TSF1008P","Switch TpLink Tlsf1008p 8 Puertos 4 Puertos Poe","-4%","TP-LINK","4",",00","50","USD","Cód.","Comprar","","NEGRO","Destacado","Antes","USD",",00","Ahora","IVA inc.","En stock","En stock","Cantidad","Color","%","https://www.infinit.com.uy/imgs/productos/productos3_8532.jpg"
"1778257121-23","https://www.infinit.com.uy/catalogo/conectividad/infinit/","56","Garantía: 1 AÑO / NUEVO","HALOS33","Access Point Mesh Wifi System Mercusys Halo S3 300Mbps Pack 3 Unidades","","MERCUSYS","",",00","50","USD","Cód.","","Consultar","BLANCO","","Antes","USD",",00","Ahora","IVA inc.","Agotado","Agotado","","Color","","https://www.infinit.com.uy/imgs/productos/productos3_14467.jpg"
"1778257121-24","https://www.infinit.com.uy/catalogo/conectividad/infinit/","59","Garantía: 2 AÑOS / NUEVO","WR1502X","Router WiFi TPLINK TL-wr1502x Ax1500 Wifi 6 1200mbps Dual Band 2.4 y 5Ghz 4K","","TP-LINK","",",00","0","USD","Cód.","Comprar","","NEGRO","","Antes","USD",",00","Precio","IVA inc.","En stock","En stock","Cantidad","Color","","https://www.infinit.com.uy/imgs/productos/productos3_39668.jpg"
"1778257121-25","https://www.infinit.com.uy/catalogo/conectividad/infinit/","60","Garantía: 1 AÑO / NUEVO","BFXDLM151","Router Wifi D-LINK M15 EAGLE PRO AI Mesh Ax1500 Gigabit Dual Band MU-MIMO Asistente Google y Alexa 1 Pack","","D-LINK","",",00","0","USD","Cód.","Comprar","","BLANCO","","Antes","USD",",00","Precio","IVA inc.","En stock","En stock","Cantidad","Color","","https://www.infinit.com.uy/imgs/productos/productos3_38919.jpg"
"1778257121-26","https://www.infinit.com.uy/catalogo/conectividad/infinit/","64","Garantía: 1 AÑO / NUEVO","TDE32P","Access Point Deco TPLINK E3 Sistema Wifi Mesh Ac1200 Dual Band Pack x2","-12%","TP-LINK","12",",00","73","USD","Cód.","Comprar","","BLANCO","","Antes","USD",",00","Ahora","IVA inc.","En stock","En stock","Cantidad","Color","%","https://www.infinit.com.uy/imgs/productos/productos3_21304.jpg"
"1778257121-27","https://www.infinit.com.uy/catalogo/conectividad/infinit/","64","Garantía: 1 AÑO / NUEVO","BFXDL3260","Router Wifi D-LINK DIR-X3260 Ax3200 Gigabit 4 Antenas Dual Band MU-MIMO","","D-LINK","",",00","0","USD","Cód.","Comprar","","NEGRO","","Antes","USD",",00","Precio","IVA inc.","En stock","En stock","Cantidad","Color","","https://www.infinit.com.uy/imgs/productos/productos3_38903.jpg"
"1778257121-28","https://www.infinit.com.uy/catalogo/conectividad/infinit/","66","Garantía: 1 AÑO / NUEVO","BFXDLR18","Router Smart Wifi D-LINK R18 IA Ax1800 Gigabit 4 Antenas Dual Band MU-MIMO Asistente Google y Alexa","","D-LINK","",",00","0","USD","Cód.","Comprar","","BLANCO","","Antes","USD",",00","Precio","IVA inc.","En stock","En stock","Cantidad","Color","","https://www.infinit.com.uy/imgs/productos/productos3_38912.jpg"
"1778257121-29","https://www.infinit.com.uy/catalogo/conectividad/infinit/","76","1 Año de Garantía","PRV-SWI93","Switch HIKVISION PRO DS-3E0505HP-E PoE 5 Puertos Gigabit 60w Carcasa Metal","","HIKVISION","",",30","0","USD","Cód.","Comprar","","","","Antes","USD",",00","Precio","IVA inc.","En stock","En stock","Cantidad","","","https://www.infinit.com.uy/imgs/productos/productos3_37826.jpg"
"1778257121-30","https://www.infinit.com.uy/catalogo/conectividad/infinit/","76","Carcasa metalica.","PRV-SWI83","Switch HIKVISION DS-3E0508P-O PoE 8 Puertos Gigabit 60W Carcasa Metal","","HIKVISION","",",30","0","USD","Cód.","Comprar","","","","Antes","USD",",00","Precio","IVA inc.","En stock","En stock","Cantidad","","","https://www.infinit.com.uy/imgs/productos/productos3_37825.jpg"
"1778257121-31","https://www.infinit.com.uy/catalogo/conectividad/infinit/","87","Garantía: 1 AÑO / NUEVO","BFXDLX486","Router Wifi D-LINK DIR-X4860 Ax4800 Gigabit 6 Antenas Dual Band MU-MIMO","-2%","D-LINK","2",",00","89","USD","Cód.","Comprar","","NEGRO","","Antes","USD",",00","Ahora","IVA inc.","En stock","En stock","Cantidad","Color","%","https://www.infinit.com.uy/imgs/productos/productos3_12367.jpg"
"1778257121-32","https://www.infinit.com.uy/catalogo/conectividad/infinit/","87","1 Año de Garantía","PRV-SWI86","Switch HIKVISION DS-3E1510P-EI/M PoE 10 Puertos Gigabit 60w Administrable Metal","","HIKVISION","",",40","0","USD","Cód.","Comprar","","","","Antes","USD",",00","Precio","IVA inc.","En stock","En stock","Cantidad","","","https://www.infinit.com.uy/imgs/productos/productos3_37843.jpg"
"1778257121-33","https://www.infinit.com.uy/catalogo/conectividad/infinit/","89","Garantía: 1 AÑO / NUEVO","SG1016D","Switch Tplink Tl-sg1016d 16 Puertos Lan Gigabit Rackeable","","TP-LINK","",",00","0","USD","Cód.","Comprar","","","Destacado","Antes","USD",",00","Precio","IVA inc.","En stock","En stock","Cantidad","","","https://www.infinit.com.uy/imgs/productos/productos3_14357.jpg"
"1778257121-34","https://www.infinit.com.uy/catalogo/conectividad/infinit/","99","Garantía: 2 AÑOS / NUEVO","ARCHERAIRE5","Repetidor Extensor Wifi6 Tplink Archer Air 2402mbps","","TP-LINK","",",00","0","USD","Cód.","Comprar","","","","Antes","USD",",00","Precio","IVA inc.","En stock","En stock","Cantidad","","","https://www.infinit.com.uy/imgs/productos/productos3_39736.jpg"
"1778257121-35","https://www.infinit.com.uy/catalogo/conectividad/infinit/","102","Garantía: 2 AÑOS / NUEVO","DECOS72","Access Point Tplink Deco S7 Ac1900 Mesh Dual Band 1300mbps Mu-Mimo Pack 2 Unidades","-3%","TP-LINK","3",",00","105","USD","Cód.","Comprar","","","","Antes","USD",",00","Ahora","IVA inc.","En stock","En stock","Cantidad","","%","https://www.infinit.com.uy/imgs/productos/productos3_25686.jpg"
"1778257121-36","https://www.infinit.com.uy/catalogo/conectividad/infinit/","107","2 Años De Garantía / Nuevo","RRE6500L","Extensor De Señal Linksys Re6500 Dual Band 1200Mbps 2.4Ghz 5Ghz","-17%","LINKSYS","17",",00","129","USD","Cód.","Comprar","","NEGRO","Destacado","Antes","USD",",00","Ahora","IVA inc.","En stock","En stock","Cantidad","Color","%","https://www.infinit.com.uy/imgs/productos/productos3_14643.jpg"
"1778257121-37","https://www.infinit.com.uy/catalogo/conectividad/infinit/","112","Garantía: 1 AÑO / NUEVO","CM13003P","Access Point Repetidor CUDY M1300 Ac1200 Mesh Dual Band 1200mbps Mu-Mimo Pack 3 Unidades","","CUDY","",",00","0","USD","Cód.","Comprar","","","","Antes","USD",",00","Precio","IVA inc.","En stock","En stock","Cantidad","","","https://www.infinit.com.uy/imgs/productos/productos3_40344.jpg"
"1778257121-38","https://www.infinit.com.uy/catalogo/conectividad/infinit/","116","Garantía: 1 AÑO / NUEVO","BFXDLM15","Router Wifi D-LINK M15 EAGLE PRO AI Mesh Ax1500 Gigabit Dual Band MU-MIMO Asistente Google y Alexa Kit 2 Pack","","D-LINK","",",00","0","USD","Cód.","Comprar","","BLANCO","","Antes","USD",",00","Precio","IVA inc.","En stock","En stock","Cantidad","Color","","https://www.infinit.com.uy/imgs/productos/productos3_38926.jpg"
"1778257121-39","https://www.infinit.com.uy/catalogo/conectividad/infinit/","131","2 AÑOS DE GARANTIA  / NUEVO","TLSG1008MP","Switch TPLINK Tl Sg1008mp 8 Puertos Gigabyte Rackeable Con Poe+","-4%","TP-LINK","4",",00","136","USD","Cód.","Comprar","","NEGRO","Destacado","Antes","USD",",00","Ahora","IVA inc.","En stock","En stock","Cantidad","Color","%","https://www.infinit.com.uy/imgs/productos/productos3_8966.jpg"
"1778257121-40","https://www.infinit.com.uy/catalogo/conectividad/infinit/","143","1 Año de Garantía","PRV-SWI84","Switch HIKVISION DS-3E0516P-O PoE 16 Puertos Gigabit 110W Carcasa Metal","","HIKVISION","",",40","0","USD","Cód.","Comprar","","","","Antes","USD",",00","Precio","IVA inc.","En stock","En stock","Cantidad","","","https://www.infinit.com.uy/imgs/productos/productos3_37841.jpg"
"1778257121-41","https://www.infinit.com.uy/catalogo/conectividad/infinit/","149","Garantía: 2 AÑOS / NUEVO","DECOS73","Access Point TPLINK DECO S7 Ac1900 Mesh Dual Band 1300mbps Mu-Mimo Pack 3 Unidades","-3%","TP-LINK","3",",00","153","USD","Cód.","Comprar","","","","Antes","USD",",00","Ahora","IVA inc.","En stock","En stock","Cantidad","","%","https://www.infinit.com.uy/imgs/productos/productos3_25693.jpg"
"1778257121-42","https://www.infinit.com.uy/catalogo/conectividad/infinit/","162","1 Año de Garantía","PRV-SWI94","Switch HIKVISION PRO DS-3E0510HP-E PoE 8 Puertos Gigabit 110w Carcasa Metal","","HIKVISION","",",10","0","USD","Cód.","Comprar","","","","Antes","USD",",00","Precio","IVA inc.","En stock","En stock","Cantidad","","","https://www.infinit.com.uy/imgs/productos/productos3_37846.jpg"
"1778257121-43","https://www.infinit.com.uy/catalogo/conectividad/infinit/","165","Garantía: 1 AÑO / NUEVO","BFXDLM15LLA3","Router Wifi D-LINK M15 EAGLE PRO AI Mesh Ax1500 Gigabit Dual Band MU-MIMO Asistente Google y Alexa Kit 3 Pack","","D-LINK","",",00","0","USD","Cód.","Comprar","","BLANCO","","Antes","USD",",00","Precio","IVA inc.","En stock","En stock","Cantidad","Color","","https://www.infinit.com.uy/imgs/productos/productos3_38932.jpg"
"1778257121-44","https://www.infinit.com.uy/catalogo/conectividad/infinit/","185","Garantía: 1 AÑO / NUEVO","BFXDLX306","Access Point PoE D-LINK DAP-X3060 Ax3000 Wifi 6 Dual Band 3000mbps Mu-Mimo","","D-LINK","",",00","0","USD","Cód.","Comprar","","BLANCO","","Antes","USD",",00","Precio","IVA inc.","En stock","En stock","Cantidad","Color","","https://www.infinit.com.uy/imgs/productos/productos3_38896.jpg"
"1778257121-45","https://www.infinit.com.uy/catalogo/conectividad/infinit/","240","1 Año de Garantía","PRV-SWI87","Switch HIKVISION DS-3E1518P-EI/M PoE 16 Puertos Gigabit 130w Administrable Rackeable","","HIKVISION","",",00","0","USD","Cód.","Comprar","","","","Antes","USD",",00","Precio","IVA inc.","En stock","En stock","Cantidad","","","https://www.infinit.com.uy/imgs/productos/productos3_37844.jpg"
"1778257121-46","https://www.infinit.com.uy/catalogo/conectividad/infinit/","282","Garantía: DE POR VIDA / NUEVO","AB356NXT07","Bobina Cable Utp 305m Nexxt Cat6 100% Cobre Bajo Cmx Color Nergro Exterior","-8%","NEXXT","8",",00","305","USD","Cód.","","Consultar","NEGRO","","Antes","USD",",00","Ahora","IVA inc.","Agotado","Agotado","","Color","%","https://www.infinit.com.uy/imgs/productos/productos3_12630.jpg"
"1778257121-47","https://www.infinit.com.uy/catalogo/conectividad/infinit/","325","1 Año de Garantía","PRV-SWI88","Switch HIKVISION DS-3E1526P-EI/M Poe 24 Puertos Gigabit 230w Administrable Rackeable","","HIKVISION","",",80","0","USD","Cód.","Comprar","","","","Antes","USD",",00","Precio","IVA inc.","En stock","En stock","Cantidad","","","https://www.infinit.com.uy/imgs/productos/productos3_37845.jpg"
