web_scraper_order,web_scraper_start_url,price,description,sku,name,data,data2,brand,data3,data4,data5,data6,data7,data8,data9,data10,data11,data12,data13,data14,data15,data16,image
"1778257264-1","https://www.infinit.com.uy/catalogo/hogar/infinit/","14","Accesorio original","PRV-ACC57","Protector para cámara con estabilizador Potensic","",",12","Potensic","USD","Comprar","Cód.","Nuevo","Antes","USD","0",",00","Precio","IVA inc.","Cantidad","En stock","En stock","","https://www.infinit.com.uy/imgs/productos/productos3_41161.jpg"
"1778257264-2","https://www.infinit.com.uy/catalogo/hogar/infinit/","14","Garantía Funcional / Nuevo","PRV-FIL06","Filtro para Aspiradora portátil XIAOMI Mi Vacuum Cleaner Mini Pack 2 Unidades","",",80","XIAOMI","USD","Comprar","Cód.","","Antes","USD","0",",00","Precio","IVA inc.","Cantidad","En stock","En stock","","https://www.infinit.com.uy/imgs/productos/productos3_37902.jpg"
"1778257264-3","https://www.infinit.com.uy/catalogo/hogar/infinit/","15","Accesorio original","PRV-ACC53","Hélices de repuesto para Potensic Atom SE","",",70","Potensic","USD","Comprar","Cód.","Nuevo","Antes","USD","0",",00","Precio","IVA inc.","Cantidad","En stock","En stock","","https://www.infinit.com.uy/imgs/productos/productos3_41139.jpg"
"1778257264-4","https://www.infinit.com.uy/catalogo/hogar/infinit/","15","Accesorio original","PRV-ACC52","Hélices de repuesto para Potensic Atom","",",70","Potensic","USD","Comprar","Cód.","Nuevo","Antes","USD","0",",00","Precio","IVA inc.","Cantidad","En stock","En stock","","https://www.infinit.com.uy/imgs/productos/productos3_41144.jpg"
"1778257264-5","https://www.infinit.com.uy/catalogo/hogar/infinit/","16","Garantía: FUNCIONAL / NUEVO","681","Aire Comprimido Manhattan 226g 80oz Con Pajilla De Extension 15cm Air Duster","BLANCO",",00","MANHATTAN","USD","Comprar","Cód.","","Antes","USD","14",",00","Ahora","IVA inc.","Cantidad","En stock","En stock","Color","https://www.infinit.com.uy/imgs/productos/productos3_14285.jpg"
"1778257264-6","https://www.infinit.com.uy/catalogo/hogar/infinit/","28","Accesorio original","PRV-ACC59","Set de Cables USB OTG Potensic","",",23","Potensic","USD","Comprar","Cód.","Nuevo","Antes","USD","0",",00","Precio","IVA inc.","Cantidad","En stock","En stock","","https://www.infinit.com.uy/imgs/productos/productos3_41147.jpg"
"1778257264-7","https://www.infinit.com.uy/catalogo/hogar/infinit/","42","Garantía: 1 AÑO / NUEVO","FUFIIM8TWIN","Pelicula Fotografica Fujifilm Instantanea Pack 10x2 54x86mm","",",00","FUJIFILM","USD","Comprar","Cód.","","Antes","USD","42",",00","Precio","IVA inc.","Cantidad","En stock","En stock","","https://www.infinit.com.uy/imgs/productos/productos3_25166.jpg"
"1778257264-8","https://www.infinit.com.uy/catalogo/hogar/infinit/","46","Garantía: 1 AÑO / NUEVO","AR-4080VT","Ventilador De Pie Ariete Ar-4080vt 3 En 1 50cm 3 Velocidades","BLANCO",",00","ARIETE","USD","Comprar","Cód.","","Antes","USD","0",",00","Precio","IVA inc.","Cantidad","En stock","En stock","Color","https://www.infinit.com.uy/imgs/productos/productos3_25090.jpg"
"1778257264-9","https://www.infinit.com.uy/catalogo/hogar/infinit/","48","GRANTIA FUNCIONAL / NUEVO","SIL24","Silla Oficina Ejecutiva de Escritorio A998 Mesh Pozabrasos Tapizado en Malla Giratoria con Ruedas Regulable en Altura","NEGRO",",00","UNSI","USD","Comprar","Cód.","","Antes","USD","0",",00","Precio","IVA inc.","Cantidad","En stock","En stock","","https://www.infinit.com.uy/imgs/productos/productos3_12653.jpg"
"1778257264-10","https://www.infinit.com.uy/catalogo/hogar/infinit/","48","Accesorio original","PRV-ACC58","Bolso para transporte de Drones Potensic","",",34","Potensic","USD","Comprar","Cód.","Nuevo","Antes","USD","0",",00","Precio","IVA inc.","Cantidad","En stock","En stock","","https://www.infinit.com.uy/imgs/productos/productos3_41140.jpg"
"1778257264-11","https://www.infinit.com.uy/catalogo/hogar/infinit/","70","Accesorio original","PRV-ACC60","Batería Inteligente para Potensic Atom LT","",",15","Potensic","USD","Comprar","Cód.","Nuevo","Antes","USD","0",",00","Precio","IVA inc.","Cantidad","En stock","En stock","","https://www.infinit.com.uy/imgs/productos/productos3_41148.jpg"
"1778257264-12","https://www.infinit.com.uy/catalogo/hogar/infinit/","70","Accesorio original","PRV-ACC50","Batería Inteligente para Drone Potensic Atom SE","",",15","Potensic","USD","Comprar","Cód.","Nuevo","Antes","USD","0",",00","Precio","IVA inc.","Cantidad","En stock","En stock","","https://www.infinit.com.uy/imgs/productos/productos3_41142.jpg"
"1778257264-13","https://www.infinit.com.uy/catalogo/hogar/infinit/","72","Accesorio original","PRV-ACC51","Batería Inteligente para Potensic Atom","",",44","Potensic","USD","Comprar","Cód.","Nuevo","Antes","USD","0",",00","Precio","IVA inc.","Cantidad","En stock","En stock","","https://www.infinit.com.uy/imgs/productos/productos3_41143.jpg"
"1778257264-14","https://www.infinit.com.uy/catalogo/hogar/infinit/","108","Garantía: 6 MESES / NUEVO","I02497","Estabilizador VIDVIE HDS01 Gimbal 3 Ejes Seguimiento Facial IA","GRIS OSCURO",",00","","USD","Comprar","Cód.","","Antes","USD","0",",00","Precio","IVA inc.","Cantidad","En stock","En stock","Color","https://www.infinit.com.uy/imgs/productos/productos3_40896.jpg"
"1778257264-15","https://www.infinit.com.uy/catalogo/hogar/infinit/","129","Accesorio original","PRV-ACC56","Control Remoto para Drones Potensic Atom","",",93","Potensic","USD","Comprar","Cód.","Nuevo","Antes","USD","0",",00","Precio","IVA inc.","Cantidad","En stock","En stock","","https://www.infinit.com.uy/imgs/productos/productos3_41145.jpg"
"1778257264-16","https://www.infinit.com.uy/catalogo/hogar/infinit/","143","Garantía: 1 AÑO / NUEVO","I01204","Silla Ejecutiva FANTECH MINT OCA258 Tella Soporta Hasta 120kg Verde","VERDE",",00","FANTECH","USD","Comprar","Cód.","","Antes","USD","144",",00","Ahora","IVA inc.","Cantidad","En stock","En stock","Color","https://www.infinit.com.uy/imgs/productos/productos3_34026.jpg"
"1778257264-17","https://www.infinit.com.uy/catalogo/hogar/infinit/","143","Garantía: 1 AÑO / NUEVO","I01205","Silla Ejecutiva FANTECH SAKURA OCA258 Tella Soporta Hasta 120kg Rosa","ROSA",",00","FANTECH","USD","Comprar","Cód.","","Antes","USD","144",",00","Ahora","IVA inc.","Cantidad","En stock","En stock","Color","https://www.infinit.com.uy/imgs/productos/productos3_37364.jpg"
"1778257264-18","https://www.infinit.com.uy/catalogo/hogar/infinit/","300","6 Meses Garantía / Nuevo","PRV-ASP36","Aspiradora XIAOMI Vacuum Cleaner G20","",",40","XIAOMI","USD","Comprar","Cód.","","Antes","USD","0",",00","Precio","IVA inc.","Cantidad","En stock","En stock","","https://www.infinit.com.uy/imgs/productos/productos3_37896.jpg"
"1778257264-19","https://www.infinit.com.uy/catalogo/hogar/infinit/","308","6 Meses Garantía / Nuevo","PRV-ASP39","Aspiradora XIAOMI Truclean W20 Wet Dry","",",10","XIAOMI","USD","Comprar","Cód.","","Antes","USD","0",",00","Precio","IVA inc.","Cantidad","En stock","En stock","","https://www.infinit.com.uy/imgs/productos/productos3_37910.jpg"
"1778257264-20","https://www.infinit.com.uy/catalogo/hogar/infinit/","378","1 Año de Garantía / Nuevo","PRV-ASP40","Aspiradora IROBOT Roomba Combo i5 Trapeadora","",",20","IROBOT","USD","Comprar","Cód.","","Antes","USD","0",",00","Precio","IVA inc.","Cantidad","En stock","En stock","","https://www.infinit.com.uy/imgs/productos/productos3_37913.jpg"
"1778257264-21","https://www.infinit.com.uy/catalogo/hogar/infinit/","387","Incluye 2 baterías y bolso","PRV-DRO14","Dron Potensic ATOM SE Expansion Hasta 4km Cámara 12Mp 4k 30fps + 2 Baterias","",",80","Potensic","USD","Comprar","Cód.","Nuevo","Antes","USD","0",",00","Precio","IVA inc.","Cantidad","En stock","En stock","","https://www.infinit.com.uy/imgs/productos/productos3_41153.jpg"
"1778257264-22","https://www.infinit.com.uy/catalogo/hogar/infinit/","398","Incluye 1 batería","PRV-DRO15","Dron Potensic ATOM Standard DSDR04C Hasta 6km Camara 12Mp 4K 30fps","",",10","Potensic","USD","Comprar","Cód.","Nuevo","Antes","USD","0",",00","Precio","IVA inc.","Cantidad","En stock","En stock","","https://www.infinit.com.uy/imgs/productos/productos3_41141.jpg"
"1778257264-23","https://www.infinit.com.uy/catalogo/hogar/infinit/","653","Incluye cargador y 3 baterías","PRV-DRO12","Dron Potensic ATOM 2 Fly More Combo Hasta 10km 8k 4k HDR + 3 Baterias","",",70","Potensic","USD","Comprar","Cód.","Nuevo","Antes","USD","0",",00","Precio","IVA inc.","Cantidad","En stock","En stock","","https://www.infinit.com.uy/imgs/productos/productos3_41149.jpg"
