web_scraper_order,web_scraper_start_url,price,description,sku,name,data,data2,brand,data3,data4,data5,data6,data7,data8,data9,data10,data11,data12,data13,data14,data15,data16,data17,data18,data19,data20,data21,data22,image
"1778257048-1","https://www.infinit.com.uy/catalogo/imagen-audio/infinit/","11","Garantía: 1 AÑO / NUEVO","AUR16","Auricular JBL T110 Micrófono 3.5mm Negro","","NEGRO","JBL","","0","USD","Cód.",",00","Consultar","Color","","","","Antes","USD","Precio","IVA inc.","Agotado","Agotado",",00","","","","https://www.infinit.com.uy/imgs/productos/productos3_40311.jpg"
"1778257048-2","https://www.infinit.com.uy/catalogo/imagen-audio/infinit/","11","Garantía: 6 MESES / NUEVO","AUR14","Auricular JBL T110 Micrófono 3.5mm Blanco","","BLANCO","JBL","","0","USD","Cód.",",00","","Color","Comprar","","","Antes","USD","Precio","IVA inc.","En stock","En stock",",00","Cantidad","","","https://www.infinit.com.uy/imgs/productos/productos3_40312.jpg"
"1778257048-3","https://www.infinit.com.uy/catalogo/imagen-audio/infinit/","15","GARANTIA FUNCIONAL / NUEVO","SOP65","SOPORTE PARA TV LED LCD BRATECK LDA23-113 MOVIL HASTA 27","","NEGRO","BRATECK","","15","USD","Cód.",",00","","Color","Comprar","","Destacado","Antes","USD","Precio","IVA inc.","En stock","En stock",",00","Cantidad","","","https://www.infinit.com.uy/imgs/productos/productos3_11905.jpg"
"1778257048-4","https://www.infinit.com.uy/catalogo/imagen-audio/infinit/","19","Garantía: 1 AÑO / NUEVO","AUD33","Auriculares Genius Hs-04su 3.5mm Con Microfono y Cancelacion De Ruido","-14%","NEGRO","GENIUS","14","22","USD","Cód.",",00","","Color","Comprar","","Destacado","Antes","USD","Ahora","IVA inc.","En stock","En stock",",00","Cantidad","","%","https://www.infinit.com.uy/imgs/productos/productos3_21948.jpg"
"1778257048-5","https://www.infinit.com.uy/catalogo/imagen-audio/infinit/","21","Garantía: 1 AÑO / NUEVO","PAR122","Parlante EDIFIER R12u 2.0 2w Rms Aux Pc Tablet Celular Rojo","-25%","ROJO","EDIFIER","25","28","USD","Cód.",",00","","Color","Comprar","","","Antes","USD","Ahora","IVA inc.","En stock","En stock",",00","Cantidad","","%","https://www.infinit.com.uy/imgs/productos/productos3_11275.jpg"
"1778257048-6","https://www.infinit.com.uy/catalogo/imagen-audio/infinit/","28","Auricular Energy Sistem Headphones Style 3 Bt Space","198573","Auricular Energy Sistem  Headphones Style 3 Bt Space","-15%","AZUL","ENERGY SISTEM","15","33","USD","Cód.",",00","","Color","Comprar","","Destacado","Antes","USD","Ahora","IVA inc.","En stock","En stock",",00","Cantidad","","%","https://www.infinit.com.uy/imgs/productos/productos3_27207.jpg"
"1778257048-7","https://www.infinit.com.uy/catalogo/imagen-audio/infinit/","36","Garantía: 6 MESES / NUEVO","PAR327","Parlante Portable Xiaomi Mi Xmyx04wm Bluetooth Batería Resistente Al Agua Conexion Audio Dual 185Grs Hasta 10 Horas","-16%","NEGRO","XIAOMI","16","43","USD","Cód.",",00","","Color","Comprar","","","Antes","USD","Ahora","IVA inc.","En stock","En stock",",00","Cantidad","","%","https://www.infinit.com.uy/imgs/productos/productos3_23112.jpg"
"1778257048-8","https://www.infinit.com.uy/catalogo/imagen-audio/infinit/","39","Garantía: FUNCIONAL / NUEVO","AC010XTK12","Soporte Tv XTECH Xta-475 Para Pared De 32 a 70 Pulgadas","-11%","NEGRO","XTECH","11","44","USD","Cód.",",00","","Color","Comprar","","Destacado","Antes","USD","Ahora","IVA inc.","En stock","En stock",",00","Cantidad","","%","https://www.infinit.com.uy/imgs/productos/productos3_16265.jpg"
"1778257048-9","https://www.infinit.com.uy/catalogo/imagen-audio/infinit/","39","Garantía: 1 AÑO / NUEVO","MWTY3AM","Auricular APPLE Earpods Lightning MWTY3AM/A","-3%","BLANCO","APPLE","3","40","USD","Cód.",",00","Consultar","Color","","","","Antes","USD","Ahora","IVA inc.","Agotado","Agotado",",00","","","%","https://www.infinit.com.uy/imgs/productos/productos3_35993.jpg"
"1778257048-10","https://www.infinit.com.uy/catalogo/imagen-audio/infinit/","74","Garantía: FUNCIONAL / NUEVO","PAN17","Pantalla Para Proyector BRATECK 77"" 16:9 Peba77 Blanca De Colgar Retractil Carcaza De Aluminio","","BLANCO","BRATECK","","0","USD","Cód.",",00","Consultar","Medida","","77""","","Antes","USD","Precio","IVA inc.","Agotado","Agotado",",00","","Color","","https://www.infinit.com.uy/imgs/productos/productos3_33499.jpg"
"1778257048-11","https://www.infinit.com.uy/catalogo/imagen-audio/infinit/","82","Garantía: 1 AÑO / RECERTIFICADO","LCD22PZ","Monitor LENOVO 22 ThinkVision S22e-19 Fhd Panel IPS Hdmi Vga Comptible Con Vesa Rotación 90º","-23%","","LENOVO","23","107","USD","Cód.",",00","","Medida","Comprar","22""","","Antes","USD","Ahora","IVA inc.","En stock","En stock",",00","Cantidad","","%","https://www.infinit.com.uy/imgs/productos/productos3_37975.jpg"
"1778257048-12","https://www.infinit.com.uy/catalogo/imagen-audio/infinit/","89","Garantía: 1 AÑO / RECERTIFICADO","LCD22ASUSVK228","Monitor ASUS Vk228h 22 60Hz 5ms Full Hd 1080p Hdmi D-Sub DVI-D Camara Compatible Con Vesa 100x100","-7%","NEGRO","ASUS","7","96","USD","Cód.",",00","","Medida","Comprar","22""","","Antes","USD","Ahora","IVA inc.","En stock","En stock",",00","Cantidad","Color","%","https://www.infinit.com.uy/imgs/productos/productos3_39731.jpg"
"1778257048-13","https://www.infinit.com.uy/catalogo/imagen-audio/infinit/","99","Garantía: 1 AÑO / NUEVO","TR0004","Monitor Gamer TEROS 22 TE-2128S 100Hz 1Ms Fhd IPS Hdmi Vga AMD Freesync","-6%","","TEROS","6","105","USD","Cód.",",00","","Medida","Comprar","22""","","Antes","USD","Ahora","IVA inc.","En stock","En stock",",00","Cantidad","","%","https://www.infinit.com.uy/imgs/productos/productos3_37850.jpg"
"1778257048-14","https://www.infinit.com.uy/catalogo/imagen-audio/infinit/","104","Garantía: 3 AÑOS / NUEVO","20MK400HB","Monitor LG 20 20MK400H-B Led Hd 5ms Hdmi Vga Comaptible Vesa 100x100","-5%","NEGRO","LG","5","110","USD","Cód.",",00","","Medida","Comprar","20""","","Antes","USD","Ahora","IVA inc.","En stock","En stock",",00","Cantidad","Color","%","https://www.infinit.com.uy/imgs/productos/productos3_12103.jpg"
"1778257048-15","https://www.infinit.com.uy/catalogo/imagen-audio/infinit/","105","Garantía: 1 AÑO / NUEVO","BFXGR3S","Soporte THERMALTAKE GR300 Negro De Pared Para Monitor o Tv Desde 32"" Hasta 50"" y Soporta Hasta 35kg","","NEGRO","THERMALTAKE","","0","USD","Cód.",",00","","Color","Comprar","","","Antes","USD","Precio","IVA inc.","En stock","En stock",",00","Cantidad","","","https://www.infinit.com.uy/imgs/productos/productos3_40139.jpg"
"1778257048-16","https://www.infinit.com.uy/catalogo/imagen-audio/infinit/","105","Garantía: 1 AÑO / NUEVO","BFXSP3W","Soporte THERMALTAKE GR300 Blanco De Pared Para Monitor o Tv Desde 32"" Hasta 50"" y Soporta Hasta 35kg","","BLANCO","THERMALTAKE","","0","USD","Cód.",",00","","Color","Comprar","","","Antes","USD","Precio","IVA inc.","En stock","En stock",",00","Cantidad","","","https://www.infinit.com.uy/imgs/productos/productos3_40144.jpg"
"1778257048-17","https://www.infinit.com.uy/catalogo/imagen-audio/infinit/","109","Garantía: 6 MESES / NUEVO","AUD402","Audifono Auricular JBL TUNE 770CN Bluetooth Inalambricon Con Cancelación De Ruido","","BLANCO","JBL","","0","USD","Cód.",",00","","Color","Comprar","","","Antes","USD","Precio","IVA inc.","En stock","En stock",",00","Cantidad","","","https://www.infinit.com.uy/imgs/productos/productos3_40307.jpg"
"1778257048-18","https://www.infinit.com.uy/catalogo/imagen-audio/infinit/","110","Garantía: 3 AÑOS / NUEVO","19M38LB","Monitor Led LG 19M38H-B 19'' HD Panel VA Antiparpadeo VGA Modo Lectura Vesa 75x75","","","LG","","99","USD","Cód.",",00","Consultar","Medida","","19""","","Antes","USD","Ahora","IVA inc.","Agotado","Agotado",",00","","","","https://www.infinit.com.uy/imgs/productos/productos3_35172.jpg"
"1778257048-19","https://www.infinit.com.uy/catalogo/imagen-audio/infinit/","110","Garantía: 3 AÑOS / NUEVO","020FLS22F320","Monitor Gamer SAMSUNG 22 Essential S3 LS22D300GANXZA Panel IPS FHD 120hz 1080p Hdmi Vga Compatible Vesa 100x100","-4%","NEGRO","SAMSUNG","4","115","USD","Cód.","","","Medida","Comprar","22""","","Antes","USD","Ahora","IVA inc.","En stock","En stock","","Cantidad","Color","%","https://www.infinit.com.uy/imgs/productos/productos3_40554.jpg"
"1778257048-20","https://www.infinit.com.uy/catalogo/imagen-audio/infinit/","117","Garantía: 3 AÑOS / NUEVO","22MP410","Monitor Led LG 22 22MP410-B Full HD 1080p Panel Va 75Hz Amd FreeSync Vga Hdmi Modo Lectura Vesa 75x75","-11%","NEGRO","LG","11","131","USD","Cód.",",00","Consultar","Medida","","22""","","Antes","USD","Ahora","IVA inc.","Agotado","Agotado",",00","","Color","%","https://www.infinit.com.uy/imgs/productos/productos3_23764.jpg"
"1778257048-21","https://www.infinit.com.uy/catalogo/imagen-audio/infinit/","117","Garantía: FUNCIONAL / NUEVO","PAN19","Pantalla Para Proyector BRATECK 108"" 16:9 Peba108 Blanca De Colgar Retractil Carcaza De Aluminio","-8%","BLANCO","BRATECK","8","127","USD","Cód.",",00","","Medida","Comprar","108""","","Antes","USD","Ahora","IVA inc.","En stock","En stock",",00","Cantidad","Color","%","https://www.infinit.com.uy/imgs/productos/productos3_33502.jpg"
"1778257048-22","https://www.infinit.com.uy/catalogo/imagen-audio/infinit/","125","Garantía: 1 AÑO / RECERTIFICADO","MON320","Monitor HP Elitedisplay 24"" E243M Full HD Panel IPS 1080p Micrófono Parlantes Cámara Web Hdmi Vga Soporte Vesa","-2%","","HP","2","127","USD","Cód.",",00","Consultar","Medida","","24""","","Antes","USD","Ahora","IVA inc.","Agotado","Agotado",",00","","","%","https://www.infinit.com.uy/imgs/productos/productos3_37602.jpg"
"1778257048-23","https://www.infinit.com.uy/catalogo/imagen-audio/infinit/","134","Garantía: 3 AÑOS / NUEVO","MSLF22T454FQ","Monitor SAMSUNG 22 LF22T454FQNXGO Profesional FHD 1080p 75Hz 5ms Panel Lcd Amd FreeSync Hdmi/Vga Vesa","-15%","NEGRO","SAMSUNG","15","157","USD","Cód.","","","Medida","Comprar","22""","","Antes","USD","Ahora","IVA inc.","En stock","En stock","","Cantidad","Color","%","https://www.infinit.com.uy/imgs/productos/productos3_37641.jpg"
"1778257048-24","https://www.infinit.com.uy/catalogo/imagen-audio/infinit/","138","Garantía: 3 AÑOS / NUEVO","MSL24F390FH","Monitor SAMSUNG 24 Curvo Essential Panel Led Va Full HD 60hz 1080p FreeSync Hdmi Vga Compatible Vesa 75x75","-13%","NEGRO","SAMSUNG","13","158","USD","Cód.",",00","","Medida","Comprar","24""","","Antes","USD","Ahora","IVA inc.","En stock","En stock",",00","Cantidad","Color","%","https://www.infinit.com.uy/imgs/productos/productos3_35065.jpg"
"1778257048-25","https://www.infinit.com.uy/catalogo/imagen-audio/infinit/","148","Garantía: 3 AÑOS / NUEVO","BFX1653","Monitor Portable VIEWSONIC TD1655 15.6 60Hz Panel Ips Full Hd 1080p Mini Hdmi Usb-C","","","VIEWSONIC","","0","USD","Cód.",",00","","Medida","Comprar","15,6""","","Antes","USD","Precio","IVA inc.","En stock","En stock",",00","Cantidad","","","https://www.infinit.com.uy/imgs/productos/productos3_41389.jpg"
"1778257048-26","https://www.infinit.com.uy/catalogo/imagen-audio/infinit/","156","Garantía: 3 AÑOS / NUEVO","MT863VWS58","Monitor VIEWSONIC 27 VA2714-H Fhd 100Hz IPS 4ms Hdmi Vga Compatible Vesa 100x100","-6%","","VIEWSONIC","6","166","USD","Cód.",",00","","Medida","Comprar","27""","","Antes","USD","Ahora","IVA inc.","En stock","En stock",",00","Cantidad","","%","https://www.infinit.com.uy/imgs/productos/productos3_40886.jpg"
"1778257048-27","https://www.infinit.com.uy/catalogo/imagen-audio/infinit/","165","Garantía: 1 AÑO / NUEVO","TAPH802BK","Auricular Philips Over Ear Taph802bk Inalambricos Bluetooth High Resolution Con Microfono 30 Horas Graves Profundos","","NEGRO","PHILIPS","","0","USD","Cód.",",00","","Color","Comprar","","Destacado","Antes","USD","Precio","IVA inc.","En stock","En stock",",00","Cantidad","","","https://www.infinit.com.uy/imgs/productos/productos3_17715.jpg"
"1778257048-28","https://www.infinit.com.uy/catalogo/imagen-audio/infinit/","169","Garantía: 3 AÑOS / NUEVO","MSLF27T450FQ","Monitor SAMSUNG 27 LF27T450FQNXGO Profesional FHD 1080p 75Hz 5ms Panel Lcd Amd FreeSync Hdmi/Vga Vesa","-21%","NEGRO","SAMSUNG","21","213","USD","Cód.",",00","","Medida","Comprar","27""","","Antes","USD","Ahora","IVA inc.","En stock","En stock",",00","Cantidad","Color","%","https://www.infinit.com.uy/imgs/productos/productos3_37651.jpg"
"1778257048-29","https://www.infinit.com.uy/catalogo/imagen-audio/infinit/","171","Garantía: 3 AÑOS / NUEVO","MAVA27EHE","Monitor ASUS Eye Care Va27ehe 27 75Hz 5ms Full Hd 1080p Amd FreeSync Hdmi D-Subx Compatible Con Vesa 100x100","-17%","NEGRO","ASUS","17","206","USD","Cód.",",00","","Medida","Comprar","27""","Destacado","Antes","USD","Ahora","IVA inc.","En stock","En stock",",00","Cantidad","Color","%","https://www.infinit.com.uy/imgs/productos/productos3_21907.jpg"
"1778257048-30","https://www.infinit.com.uy/catalogo/imagen-audio/infinit/","172","Garantía: 1 AÑO / NUEVO","PAR205","Parlante EDIFIER R1700DB 2.0 66w RMS Control Remoto Negro","-10%","","EDIFIER","10","192","USD","Cód.",",00","","NEGRO","Comprar","","","Antes","USD","Ahora","IVA inc.","En stock","En stock",",00","Cantidad","","%","https://www.infinit.com.uy/imgs/productos/productos3_11315.jpg"
"1778257048-31","https://www.infinit.com.uy/catalogo/imagen-audio/infinit/","172","Garantía: 6 MESES / NUEVO","CAM662","Camara Digital Instantanea Fujifilm Instax Mini 12","","BLANCO","FUJIFILM","","0","USD","Cód.",",00","","VERDE","Comprar","","","Antes","USD","Precio","IVA inc.","En stock","En stock",",00","Cantidad","","","https://www.infinit.com.uy/imgs/productos/productos3_29982.jpg"
"1778257048-32","https://www.infinit.com.uy/catalogo/imagen-audio/infinit/","197","Garantía: 3 AÑOS / NUEVO","MSLF24T454FQ","Monitor SAMSUNG Business T45F 24 FHD 1080p 75hz FreeSync Hdmi Dp Compatible Vesa 100x100","-2%","NEGRO","SAMSUNG","2","200","USD","Cód.",",00","","Color","Comprar","","","Antes","USD","Ahora","IVA inc.","En stock","En stock",",00","Cantidad","","%","https://www.infinit.com.uy/imgs/productos/productos3_35250.jpg"
"1778257048-33","https://www.infinit.com.uy/catalogo/imagen-audio/infinit/","208","Garantía: 3 AÑOS / NUEVO","10R1PAR1US","Monitor Lenovo 22 Tiny In One Ips Full HD Parlantes DisplayPort","-42%","","LENOVO","42","360","USD","Cód.",",00","","Medida","Comprar","22""","Destacado","Antes","USD","Ahora","IVA inc.","En stock","En stock",",00","Cantidad","","%","https://www.infinit.com.uy/imgs/productos/productos3_12943.jpg"
"1778257048-34","https://www.infinit.com.uy/catalogo/imagen-audio/infinit/","230","Garantía: 3 AÑOS / NUEVO","MSL32B300N","Monitor SAMSUNG Essential S30B 32 FHD 1080p 75hz FreeSync Hdmi Dp Compatible Vesa 100x100","-16%","NEGRO","SAMSUNG","16","275","USD","Cód.",",00","","Color","Comprar","","Destacado","Antes","USD","Ahora","IVA inc.","En stock","En stock",",00","Cantidad","","%","https://www.infinit.com.uy/imgs/productos/productos3_35070.jpg"
"1778257048-35","https://www.infinit.com.uy/catalogo/imagen-audio/infinit/","231","1 Año de Garantía / Nuevo","PRV-LEN52","Lente CANON EF-M 15-45mm Modelo F/3.5-6.3 IS STM.","","","CANON","","0","USD","Cód.",",46","","","Comprar","","","Antes","USD","Precio","IVA inc.","En stock","En stock",",00","Cantidad","","","https://www.infinit.com.uy/imgs/productos/productos3_37967.jpg"
"1778257048-36","https://www.infinit.com.uy/catalogo/imagen-audio/infinit/","249","Garantía: 6 MESES / OPEN BOX","8886419379639","Barra De Sonido Razer Leviathan V2 X con subwoofer RGB Negro Ref","","NEGRO","RAZER","","0","USD","Cód.",",00","","Color","Comprar","","","Antes","USD","Precio","IVA inc.","En stock","En stock",",00","Cantidad","","","https://www.infinit.com.uy/imgs/productos/productos3_39551.jpg"
"1778257048-37","https://www.infinit.com.uy/catalogo/imagen-audio/infinit/","339","Tasa de refresco de 75 Hz","PRV-MON343","Monitor Asus 27 ProArt IPS QHD 2K 5Ms Graficos Diseño y Fotografía","","","ASUS","","0","USD","Cód.",",40","","","Comprar","","","Antes","USD","Precio","IVA inc.","En stock","En stock",",00","Cantidad","","","https://www.infinit.com.uy/imgs/productos/productos3_41177.jpg"
"1778257048-38","https://www.infinit.com.uy/catalogo/imagen-audio/infinit/","349","Garantía: 1 AÑO / NUEVO EN SERVICE OFICIAL APPLE","AUR123","Auriculares Apple Airpods Pro 2nd gen blancos con estuche Magsafe MQD83","-8%","BLANCO","APPLE","8","378","USD","Cód.",",00","","Color","Comprar","","","Antes","USD","Ahora","IVA inc.","En stock","En stock",",00","Cantidad","","%","https://www.infinit.com.uy/imgs/productos/productos3_40212.jpg"
"1778257048-39","https://www.infinit.com.uy/catalogo/imagen-audio/infinit/","360","Garantía: 1 AÑO / RECERTIFICADO","U32J690WQM","Monitor SAMSUNG Ultra HD 4k Panel Va 4ms LU32J690UQW 2x Hdmi DisplayPort Vesa 100x100","","NEGRO","SAMSUNG","","0","USD","Cód.",",00","","Medida","Comprar","32""","","Antes","USD","Precio","IVA inc.","En stock","En stock",",00","Cantidad","Color","","https://www.infinit.com.uy/imgs/productos/productos3_39048.jpg"
"1778257048-40","https://www.infinit.com.uy/catalogo/imagen-audio/infinit/","374","Garantía: 3 AÑOS / NUEVO","27US500W","Monitor LG LED 27 27US500-W UltraHD 4k Panel Ips 5ms Amd FreeSync 2x Hdmi DisplayPort Vesa 100x100","","BLANCO","LG","","366","USD","Cód.",",00","Consultar","Medida","","27""","","Antes","USD","Ahora","IVA inc.","Agotado","Agotado",",00","","Color","","https://www.infinit.com.uy/imgs/productos/productos3_38004.jpg"
"1778257048-41","https://www.infinit.com.uy/catalogo/imagen-audio/infinit/","377","Garantía: 1 AÑO / NUEVO","CAM700","Camara FUJIFILM Instax Pal Con Impresora Mini Link 2","-7%","","FUJIFILM","7","404","USD","Cód.",",00","","","Comprar","","","Antes","USD","Ahora","IVA inc.","En stock","En stock",",00","Cantidad","","%","https://www.infinit.com.uy/imgs/productos/productos3_37939.jpg"
"1778257048-42","https://www.infinit.com.uy/catalogo/imagen-audio/infinit/","432","Garantía: 1 AÑO / NUEVO","PAR312","Parlante EDIFIER S351db 2.1ch 150w Rms Bluetooth 5.0 Aptx Subwoofer Control Remoto Rca Optico","","NEGRO","EDIFIER","","0","USD","Cód.",",00","","Color","Comprar","","","Antes","USD","Precio","IVA inc.","En stock","En stock",",00","Cantidad","","","https://www.infinit.com.uy/imgs/productos/productos3_8968.jpg"
"1778257048-43","https://www.infinit.com.uy/catalogo/imagen-audio/infinit/","521","1 Año de Garantía / Nuevo. Garantía oficial.","PRV-LEN58","Lente NIKON Nikkor Z DX 24mm f/1.7","","","NIKON","","0","USD","Cód.",",92","","","Comprar","","","Antes","USD","Precio","IVA inc.","En stock","En stock",",00","Cantidad","","","https://www.infinit.com.uy/imgs/productos/productos3_37965.jpg"
"1778257048-44","https://www.infinit.com.uy/catalogo/imagen-audio/infinit/","600","Garantía: 3 AÑOS / NUEVO","MSLS43DM702U","Monitor Inteligente SAMSUNG 43 M7 M70D Panel Lcd VA UHD 4K 60hz 2160p Hdmi Compatible Vesa 200x200","-6%","NEGRO","SAMSUNG","6","639","USD","Cód.",",00","","Color","Comprar","","Destacado","Antes","USD","Ahora","IVA inc.","En stock","En stock",",00","Cantidad","","%","https://www.infinit.com.uy/imgs/productos/productos3_35085.jpg"
"1778257048-45","https://www.infinit.com.uy/catalogo/imagen-audio/infinit/","701","1 Año de Garantía","PRV-CAM497","Camara CANON EOS 2000D 24Mpx Wifi NFC Con Lente 18-55mm","","","CANON","","0","USD","Cód.",",90","","","Comprar","","","Antes","USD","Precio","IVA inc.","En stock","En stock",",00","Cantidad","","","https://www.infinit.com.uy/imgs/productos/productos3_37948.jpg"
"1778257048-46","https://www.infinit.com.uy/catalogo/imagen-audio/infinit/","809","1 Año de Garantía / Nuevo. Garantia oficial.","PRV-LEN54","Lente NIKON Nikkor Z 24-50mm f/4-6.3","","","NIKON","","0","USD","Cód.",",35","","","Comprar","","","Antes","USD","Precio","IVA inc.","En stock","En stock",",00","Cantidad","","","https://www.infinit.com.uy/imgs/productos/productos3_37961.jpg"
"1778257048-47","https://www.infinit.com.uy/catalogo/imagen-audio/infinit/","987","1 Año de Garantía","PRV-CAM672","Camara NIKON Z30 Mirrorless 21.5Mpx Wifi Bluetooth Solo cuerpo","","","NIKON","","0","USD","Cód.",",40","","","Comprar","","","Antes","USD","Precio","IVA inc.","En stock","En stock",",00","Cantidad","","","https://www.infinit.com.uy/imgs/productos/productos3_37955.jpg"
