web_scraper_order,web_scraper_start_url,price,sku,name,data,description,position,brand,data2,data3,data4,data5,data6,data7,data8,data9,data10,data11,data12,data13,data14,data15,data16,data17,image
"1778257094-1","https://www.infinit.com.uy/catalogo/impresion/infinit/","19","AS222HEW11","Cartucho De Tinta Original Hp 667 Tricolor Ink Advantage Hasta 100 paginas","","Garantía: FUNCIONAL / NUEVO","","HP","0","USD","Cód.","","Comprar","Antes","USD",",00","Precio","IVA inc.",",00","En stock","En stock","","Cantidad","","https://www.infinit.com.uy/imgs/productos/productos1_18339.jpg"
"1778257094-2","https://www.infinit.com.uy/catalogo/impresion/infinit/","19","7001422205","Rollo Etiquetas Continuo Compatible Brother Cdk-22205 62mm x 30.48mts","","Garantía: FUNCIONAL / NUEVO","","","17","USD","Cód.","","Comprar","Antes","USD",",00","Ahora","IVA inc.",",00","En stock","En stock","","Cantidad","","https://www.infinit.com.uy/imgs/productos/productos1_33472.jpg"
"1778257094-3","https://www.infinit.com.uy/catalogo/impresion/infinit/","20","748","Toner Compatible Tn1060 Para Impresoras Brothers","","GARANTIA FUNCIONAL / NUEVO","","","17","USD","Cód.","NEGRO","Comprar","Antes","USD",",00","Ahora","IVA inc.",",00","En stock","En stock","Color","Cantidad","","https://www.infinit.com.uy/imgs/productos/productos1_8562.jpg"
"1778257094-4","https://www.infinit.com.uy/catalogo/impresion/infinit/","144","IMP165","Impresora Laser HP M111W Monocromática Usb Wifi","-1%","Garantía: 1 AÑO / NUEVO","1","HP","146","USD","Cód.","","Comprar","Antes","USD",",00","Ahora","IVA inc.",",00","En stock","En stock","","Cantidad","%","https://www.infinit.com.uy/imgs/productos/productos3_40035.jpg"
"1778257094-5","https://www.infinit.com.uy/catalogo/impresion/infinit/","148","XP2200","Impresora Multifuncion EPSON XP2200 Compacta Con Wifi Escaner y Juego Cartuchos","","Garantía: 1 AÑO / NUEVO","","EPSON","136","USD","Cód.","NEGRO","Comprar","Antes","USD",",00","Ahora","IVA inc.",",00","En stock","En stock","Color","Cantidad","","https://www.infinit.com.uy/imgs/productos/productos3_33437.jpg"
"1778257094-6","https://www.infinit.com.uy/catalogo/impresion/infinit/","184","161213","Impresora BROTHER Hl-1212w Laser Monocromatica Inalambrica Con Wifi y Usb","-22%","Garantía: 1 AÑO / NUEVO","22","BROTHER","235","USD","Cód.","NEGRO","Comprar","Antes","USD",",00","Ahora","IVA inc.",",00","En stock","En stock","Color","Cantidad","%","https://www.infinit.com.uy/imgs/productos/productos3_8429.jpg"
"1778257094-7","https://www.infinit.com.uy/catalogo/impresion/infinit/","188","2314C004AB","Impresora CANON Pixma G1110 Con Sistema Continuo Chorro de Tinta Color Usb","-2%","Garantía: 1 AÑO / NUEVO","2","CANON","191","USD","Cód.","NEGRO","","Antes","USD",",00","Ahora","IVA inc.",",00","Agotado","Agotado","Color","","%","https://www.infinit.com.uy/imgs/productos/productos3_23457.jpg"
"1778257094-8","https://www.infinit.com.uy/catalogo/impresion/infinit/","197","180800","Impresora Etiquetas BROTHER QL-800 Usb Incluye Muestra De Etiquetas","","Garantía: 1 AÑO / NUEVO","","BROTHER","187","USD","Cód.","BLANCO","Comprar","Antes","USD",",00","Ahora","IVA inc.",",00","En stock","En stock","Color","Cantidad","","https://www.infinit.com.uy/imgs/productos/productos3_11548.jpg"
"1778257094-9","https://www.infinit.com.uy/catalogo/impresion/infinit/","226","IOOCPP763L","Impresora Ticket OCOM Ocpp-763-L Matrical 76mm","-1%","Garantía: 1 AÑO / NUEVO","1","OCOM","229","USD","Cód.","NEGRO","Comprar","Antes","USD",",00","Ahora","IVA inc.",",00","En stock","En stock","Color","Cantidad","%","https://www.infinit.com.uy/imgs/productos/productos3_15867.jpg"
"1778257094-10","https://www.infinit.com.uy/catalogo/impresion/infinit/","226","IMP134","Impresora EPSON L1250 ECOTANK Sistema Continuo Color Wifi Escaner Fotocopiadora","","Garantía: 1 AÑO / NUEVO","","EPSON","0","USD","Cód.","NEGRO","Comprar","Antes","USD",",00","Precio","IVA inc.",",00","En stock","En stock","Color","Cantidad","","https://www.infinit.com.uy/imgs/productos/productos3_40334.jpg"
"1778257094-11","https://www.infinit.com.uy/catalogo/impresion/infinit/","242","IMP152","Impresora Laser BROTHER HL-L2320D Monocromatica Funcion Duplex Automatico","","Garantía: 1 AÑO / NUEVO","","BROTHER","0","USD","Cód.","","Comprar","Antes","USD",",00","Precio","IVA inc.",",00","En stock","En stock","","Cantidad","","https://www.infinit.com.uy/imgs/productos/productos3_39698.jpg"
"1778257094-12","https://www.infinit.com.uy/catalogo/impresion/infinit/","242","IMP181","Impresora Multifuncion BROTHER DCP-T230 Sistema Continuo Color","-3%","Garantía: 1 AÑO / NUEVO","3","EPSON","250","USD","Cód.","NEGRO","Comprar","Antes","USD",",00","Ahora","IVA inc.",",00","En stock","En stock","Color","Cantidad","%","https://www.infinit.com.uy/imgs/productos/productos3_40378.jpg"
"1778257094-13","https://www.infinit.com.uy/catalogo/impresion/infinit/","256","IMP143","Impresora HP SMART TANK 580 Multifuncion Smart WiFi Escaneo y Fotocopia","-2%","Garantía: 1 AÑO / NUEVO","2","HP","260","USD","Cód.","BLANCO","Comprar","Antes","USD",",00","Ahora","IVA inc.",",00","En stock","En stock","Color","Cantidad","%","https://www.infinit.com.uy/imgs/productos/productos3_40375.jpg"
"1778257094-14","https://www.infinit.com.uy/catalogo/impresion/infinit/","284","IMP127","Impresora Multifuncion EPSON L3210 ECOTANK Sistema Continuo Color Escaner Fotocopiadora","","Garantía: 1 AÑO / NUEVO","","EPSON","0","USD","Cód.","","Comprar","Antes","USD",",00","Precio","IVA inc.",",00","En stock","En stock","","Cantidad","","https://www.infinit.com.uy/imgs/productos/productos3_40303.jpg"
"1778257094-15","https://www.infinit.com.uy/catalogo/impresion/infinit/","292","200351","Impresora Laser Monocromatica SHARP Dx-B351 Ethernet Usb 33 ppm 1200 x 1200 dpi 25000 Copias Mensuales","","Garantía: 2 AÑOS / NUEVO","","SHARP","0","USD","Cód.","BLANCO","Comprar","Antes","USD",",00","Precio","IVA inc.",",00","En stock","En stock","Color","Cantidad","","https://www.infinit.com.uy/imgs/productos/productos3_39704.jpg"
"1778257094-16","https://www.infinit.com.uy/catalogo/impresion/infinit/","308","IMP182","Impresora Multifuncion BROTHER DCP-T430W Wifi Sistema Continuo Color","-3%","Garantía: 1 AÑO / NUEVO","3","BROTHER","317","USD","Cód.","","Comprar","Antes","USD",",00","Ahora","IVA inc.",",00","En stock","En stock","","Cantidad","%","https://www.infinit.com.uy/imgs/productos/productos3_40381.jpg"
"1778257094-17","https://www.infinit.com.uy/catalogo/impresion/infinit/","319","162359","Impresora Laser BROTHER Hl-l2360dw Monocromatica Con Wifi Funcion Duplex Automatico","","Garantía: 1 AÑO / NUEVO","","BROTHER","320","USD","Cód.","","Comprar","Antes","USD",",00","Ahora","IVA inc.",",00","En stock","En stock","","Cantidad","","https://www.infinit.com.uy/imgs/productos/productos3_20380.jpg"
"1778257094-18","https://www.infinit.com.uy/catalogo/impresion/infinit/","329","PT337EPS55","Impresora Multifuncion EPSON L3560 ECOTANK Sistema Continuo Color Wifi Escaner Fotocopiadora","","Garantía: 1 AÑO / NUEVO","","EPSON","329","USD","Cód.","NEGRO","Comprar","Antes","USD",",00","Precio","IVA inc.",",00","En stock","En stock","Color","Cantidad","","https://www.infinit.com.uy/imgs/productos/productos3_40420.jpg"
"1778257094-19","https://www.infinit.com.uy/catalogo/impresion/infinit/","331","PT336EPS77","Impresora Multifuncion EPSON L3250 ECOTANK Sistema Continuo Color Wifi Escaner Fotocopiadora","","Garantía: 1 AÑO / NUEVO","","EPSON","0","USD","Cód.","NEGRO","Comprar","Antes","USD",",00","Precio","IVA inc.",",00","En stock","En stock","Color","Cantidad","","https://www.infinit.com.uy/imgs/productos/productos3_40331.jpg"
"1778257094-20","https://www.infinit.com.uy/catalogo/impresion/infinit/","355","IMP183","Impresora Multifuncion BROTHER DCP-T530DW Wifi Sistema Continuo Color Doble Faz Duplex Escanea Fotocopia","","Garantía: 1 AÑO / NUEVO","","BROTHER","0","USD","Cód.","","Comprar","Antes","USD",",00","Precio","IVA inc.",",00","En stock","En stock","","Cantidad","","https://www.infinit.com.uy/imgs/productos/productos3_40385.jpg"
"1778257094-21","https://www.infinit.com.uy/catalogo/impresion/infinit/","356","307105","Impresora PANTUM M7105dw Red Rj45 y Wifi Multifuncion Monocromatica","-2%","Garantía: 1 AÑO / NUEVO","2","PANTUM","363","USD","Cód.","BLANCO","Comprar","Antes","USD",",00","Ahora","IVA inc.",",00","En stock","En stock","Color","Cantidad","%","https://www.infinit.com.uy/imgs/productos/productos3_15472.jpg"
"1778257094-22","https://www.infinit.com.uy/catalogo/impresion/infinit/","357","PT031HEW46","Impresora HP SMART TANK 720 Multifuncion Smart WiFi Escaneo y Fotocopia Doble Faz Automatico","","Garantía: 1 AÑO / NUEVO","","HP","358","USD","Cód.","","Comprar","Antes","USD",",00","Ahora","IVA inc.",",00","En stock","En stock","","Cantidad","","https://www.infinit.com.uy/imgs/productos/productos3_40415.jpg"
"1778257094-23","https://www.infinit.com.uy/catalogo/impresion/infinit/","386","IMP184","Impresora Multifuncion BROTHER DCP-T730DW Wifi Sistema Continuo Color Doble Faz Duplex Escanea Fotocopia","","Garantía: 1 AÑO / NUEVO","","BROTHER","0","USD","Cód.","","Comprar","Antes","USD",",00","Precio","IVA inc.",",00","En stock","En stock","","Cantidad","","https://www.infinit.com.uy/imgs/productos/productos3_40391.jpg"
"1778257094-24","https://www.infinit.com.uy/catalogo/impresion/infinit/","435","IMP185","Impresora Multifuncion BROTHER DCP-T830DW Wifi Sistema Continuo Color Doble Faz Duplex Escanea Fotocopia","-3%","Garantía: 1 AÑO / NUEVO","3","BROTHER","447","USD","Cód.","","Comprar","Antes","USD",",00","Ahora","IVA inc.",",00","En stock","En stock","","Cantidad","%","https://www.infinit.com.uy/imgs/productos/productos3_40406.jpg"
