web_scraper_order,web_scraper_start_url,price,description,sku,name,data,data2,data3,brand,data4,data5,data6,data7,data8,data9,data10,data11,data12,data13,data14,data15,data16,data17,data18,data19,data20,data21,image
"1778257012-1","https://www.infinit.com.uy/catalogo/perifericos/infinit/","4","Garantía: 5 DIAS / NUEVO","KI0771","Soporte Montaje Kingston Para Ssd/Hdd De 2.5 a 3.5","-33%","GRIS","33","","6","USD","Cód.","Comprar","","","Destacado","Antes","USD",",00","Ahora","IVA inc.",",00","En stock","En stock","Cantidad","Color","%","https://www.infinit.com.uy/imgs/productos/productos3_17774.jpg"
"1778257012-2","https://www.infinit.com.uy/catalogo/perifericos/infinit/","7","Garantía: 1 AÑO / NUEVO","195607","Mouse LOGITECH M90 Negro 1000 Dpi","-13%","NEGRO","13","LOGITECH","8","USD","Cód.","Comprar","","","","Antes","USD",",00","Ahora","IVA inc.",",00","En stock","En stock","Cantidad","Color","%","https://www.infinit.com.uy/imgs/productos/productos3_16407.jpg"
"1778257012-3","https://www.infinit.com.uy/catalogo/perifericos/infinit/","7","Garantía: 2 AÑOS / NUEVO","LEC90","Lector Memoria LEXAR RW300U Usb-A 3.1 a MicroSD SDHC","","NEGRO","","LEXAR","0","USD","Cód.","Comprar","","","","Antes","USD",",00","Precio","IVA inc.",",00","En stock","En stock","Cantidad","Color","","https://www.infinit.com.uy/imgs/productos/productos3_40774.jpg"
"1778257012-4","https://www.infinit.com.uy/catalogo/perifericos/infinit/","8","Garantía: 3 MESES / NUEVO","SHOT8376","Teclado Shot Gaming Shot8376 Home And Office Slim Usb Negro","","NEGRO","","SHOT GAMING","0","USD","Cód.","Comprar","","","","Antes","USD",",00","Precio","IVA inc.",",00","En stock","En stock","Cantidad","Color","","https://www.infinit.com.uy/imgs/productos/productos3_29613.jpg"
"1778257012-5","https://www.infinit.com.uy/catalogo/perifericos/infinit/","9","Garantía: FUNCIONAL / NUEVO","SOPORTET19","Soporte Para Laptop Notebook De Mesa o Escritorio Ajustable","-36%","NEGRO","36","VARIAS MARCAS","14","USD","Cód.","Comprar","","","Destacado","Antes","USD",",00","Ahora","IVA inc.",",00","En stock","En stock","Cantidad","Color","%","https://www.infinit.com.uy/imgs/productos/productos3_30393.jpg"
"1778257012-6","https://www.infinit.com.uy/catalogo/perifericos/infinit/","10","GARANTIA FUNCIONAL / NUEVO","25","Teclado Dell Kb216 Qwerty Ingles Usb Negro Cableado","-17%","","17","DELL","12","USD","Cód.","Comprar","","","Destacado","Antes","USD",",00","Ahora","IVA inc.",",00","En stock","En stock","Cantidad","","%","https://www.infinit.com.uy/imgs/productos/productos3_12641.jpg"
"1778257012-7","https://www.infinit.com.uy/catalogo/perifericos/infinit/","10","Garantía: 1 AÑO / NUEVO","195762","Mouse LOGITECH M110 Negro Silencioso USB-A","","NEGRO","","LOGITECH","0","USD","Cód.","Comprar","","","","Antes","USD",",00","Precio","IVA inc.",",00","En stock","En stock","Cantidad","Color","","https://www.infinit.com.uy/imgs/productos/productos3_38849.jpg"
"1778257012-8","https://www.infinit.com.uy/catalogo/perifericos/infinit/","10","Garantía: 1 AÑO / NUEVO","195765","Mouse LOGITECH M110 Gris Silencioso USB-A","-97%","GRIS","97","LOGITECH","295","USD","Cód.","Comprar","","","","Antes","USD",",00","Ahora","IVA inc.",",00","En stock","En stock","Cantidad","Color","%","https://www.infinit.com.uy/imgs/productos/productos3_38858.jpg"
"1778257012-9","https://www.infinit.com.uy/catalogo/perifericos/infinit/","11","GARANTIA FUNCIONAL / NUEVO","T03035","Adaptador Conversor Convertidor De Hdmi a Vga Hembra Con Audio","","NEGRO","","GENERICO","9","USD","Cód.","Comprar","","","Destacado","Antes","USD",",00","Ahora","IVA inc.",",00","En stock","En stock","Cantidad","Color","","https://www.infinit.com.uy/imgs/productos/productos3_8488.jpg"
"1778257012-10","https://www.infinit.com.uy/catalogo/perifericos/infinit/","13","Garantía: 1 Año de Garantía / Nuevo","195523","Teclado Logitech K120 Usb Perfil Planos Silencioso En Español","-7%","NEGRO","7","LOGITECH","14","USD","Cód.","Comprar","","","Destacado","Antes","USD",",00","Ahora","IVA inc.",",00","En stock","En stock","Cantidad","Color","%","https://www.infinit.com.uy/imgs/productos/productos3_12311.jpg"
"1778257012-11","https://www.infinit.com.uy/catalogo/perifericos/infinit/","13","Garantía: 1 AÑO / NUEVO","195672","Mouse Inalambrico LOGITECH M170 2.4Ghz Usb Portatil","","ROJO","","LOGITECH","0","USD","Cód.","Comprar","","AZUL","","Antes","USD",",00","Precio","IVA inc.",",00","En stock","En stock","Cantidad","NEGRO","","https://www.infinit.com.uy/imgs/productos/productos3_22191.jpg"
"1778257012-12","https://www.infinit.com.uy/catalogo/perifericos/infinit/","15","Garantía: 1 Año de Garantía / Nuevo","195753","Auricular Headset LOGITECH H111 Stereo Con Microfono 3.5mm Cable 1.8mts","","NEGRO","","LOGITECH","15","USD","Cód.","Comprar","","","","Antes","USD",",00","Precio","IVA inc.",",00","En stock","En stock","Cantidad","Color","","https://www.infinit.com.uy/imgs/productos/productos3_12305.jpg"
"1778257012-13","https://www.infinit.com.uy/catalogo/perifericos/infinit/","15","Garantía: 1 AÑO / NUEVO","COM77","Combo Teclado y Mouse GENIUS KM160 Cableado Usb","","NEGRO","","GENIUS","0","USD","Cód.","Comprar","","","","Antes","USD",",00","Precio","IVA inc.",",00","En stock","En stock","Cantidad","Color","","https://www.infinit.com.uy/imgs/productos/productos3_14104.jpg"
"1778257012-14","https://www.infinit.com.uy/catalogo/perifericos/infinit/","15","Garantía: 1 AÑO / NUEVO","192393","Mouse LOGITECH M196 Bluetooth Grafito 910-007456","-6%","GRIS OSCURO","6","LOGITECH","16","USD","Cód.","Comprar","","","","Antes","USD",",00","Ahora","IVA inc.",",00","En stock","En stock","Cantidad","Color","%","https://www.infinit.com.uy/imgs/productos/productos3_38616.jpg"
"1778257012-15","https://www.infinit.com.uy/catalogo/perifericos/infinit/","15","Garantía: 1 AÑO / NUEVO","192394","Mouse LOGITECH M196 Bluetooth Blanco 910-007457","-6%","BLANCO","6","LOGITECH","16","USD","Cód.","Comprar","","","","Antes","USD",",00","Ahora","IVA inc.",",00","En stock","En stock","Cantidad","Color","%","https://www.infinit.com.uy/imgs/productos/productos3_38618.jpg"
"1778257012-16","https://www.infinit.com.uy/catalogo/perifericos/infinit/","15","Garantía: 1 AÑO / NUEVO","192395","Mouse LOGITECH M196 Bluetooth Rosa 910-007458","-6%","ROSA","6","LOGITECH","16","USD","Cód.","Comprar","","","","Antes","USD",",00","Ahora","IVA inc.",",00","En stock","En stock","Cantidad","Color","%","https://www.infinit.com.uy/imgs/productos/productos3_38620.jpg"
"1778257012-17","https://www.infinit.com.uy/catalogo/perifericos/infinit/","16","Garantía: 1 AÑO / NUEVO","195864","Mouse Logitech M190 Inalámbrico 1000dpi Full Size Alcance 10mts","","ROJO","","LOGITECH","0","USD","Cód.","Comprar","","","Destacado","Antes","USD",",00","Precio","IVA inc.",",00","En stock","En stock","Cantidad","Color","","https://www.infinit.com.uy/imgs/productos/productos3_34248.jpg"
"1778257012-18","https://www.infinit.com.uy/catalogo/perifericos/infinit/","16","Garantía: 1 AÑO / NUEVO","195862","Mouse LOGITECH M190 Inalámbrico 1000dpi Full Size Alcance 10mts","","GRIS","","LOGITECH","0","USD","Cód.","Comprar","","","","Antes","USD",",00","Precio","IVA inc.",",00","En stock","En stock","Cantidad","Color","","https://www.infinit.com.uy/imgs/productos/productos3_34249.jpg"
"1778257012-19","https://www.infinit.com.uy/catalogo/perifericos/infinit/","16","Garantía: 1 AÑO / NUEVO","195863","Mouse Logitech M190 Inalámbrico 1000dpi Full Size Alcance 10mts","","AZUL","","LOGITECH","0","USD","Cód.","Comprar","","","","Antes","USD",",00","Precio","IVA inc.",",00","En stock","En stock","Cantidad","Color","","https://www.infinit.com.uy/imgs/productos/productos3_34255.jpg"
"1778257012-20","https://www.infinit.com.uy/catalogo/perifericos/infinit/","16","Garantía: 1 AÑO / NUEVO","PAD128UC300","Pendrive ADATA 128GB UC300 USB-C Negro/Verde","","","","ADATA","0","USD","Cód.","Comprar","","","","Antes","USD",",00","Precio","IVA inc.",",00","En stock","En stock","Cantidad","","","https://www.infinit.com.uy/imgs/productos/productos3_40000.jpg"
"1778257012-21","https://www.infinit.com.uy/catalogo/perifericos/infinit/","17","Garantía: 1 AÑO / NUEVO","195554","Mouse LOGITECH M185 Negro 2.4Ghz 1000Dpi Inalambrico Portable","","ROJO","","LOGITECH","0","USD","Cód.","Comprar","","AZUL","","Antes","USD",",00","Precio","IVA inc.",",00","En stock","En stock","Cantidad","NEGRO","","https://www.infinit.com.uy/imgs/productos/productos3_16387.jpg"
"1778257012-22","https://www.infinit.com.uy/catalogo/perifericos/infinit/","17","Garantía: 1 AÑO / NUEVO","COM101","Combo Teclado y Mouse Genius Km170 Cableado Usb","","NEGRO","","GENIUS","0","USD","Cód.","Comprar","","","","Antes","USD",",00","Precio","IVA inc.",",00","En stock","En stock","Cantidad","Color","","https://www.infinit.com.uy/imgs/productos/productos3_19884.jpg"
"1778257012-23","https://www.infinit.com.uy/catalogo/perifericos/infinit/","19","Garantía: 1 AÑO / NUEVO","195631","Parlantes LOGITECH S150 2.0 1.2w Rms Conexion Usb","","NEGRO","","LOGITECH","0","USD","Cód.","Comprar","","","","Antes","USD",",00","Precio","IVA inc.",",00","En stock","En stock","Cantidad","Color","","https://www.infinit.com.uy/imgs/productos/productos3_8499.jpg"
"1778257012-24","https://www.infinit.com.uy/catalogo/perifericos/infinit/","19","Garantía: 1 Año de Garantía / Nuevo","195576","Combo LOGITECH MK120 Teclado y Mouse Usb","","","","LOGITECH","18","USD","Cód.","Comprar","","","","Antes","USD",",00","Ahora","IVA inc.",",00","En stock","En stock","Cantidad","","","https://www.infinit.com.uy/imgs/productos/productos3_12280.jpg"
"1778257012-25","https://www.infinit.com.uy/catalogo/perifericos/infinit/","20","Garantía: 1 Año de Garantía / Nuevo","195627","Mouse LOGITECH M280 1000Dpi Inalambrico Portable Negro","","ROJO","","LOGITECH","20","USD","Cód.","Comprar","","AZUL","","Antes","USD",",00","Precio","IVA inc.",",00","En stock","En stock","Cantidad","NEGRO","","https://www.infinit.com.uy/imgs/productos/productos3_14051.jpg"
"1778257012-26","https://www.infinit.com.uy/catalogo/perifericos/infinit/","23","Garantía: 1 AÑO / NUEVO","195644","Auricular LOGITECH H151 Stereo Con microfono Ajustable Conexion 3.5mm","-4%","NEGRO","4","LOGITECH","24","USD","Cód.","Comprar","","","","Antes","USD",",00","Ahora","IVA inc.",",00","En stock","En stock","Cantidad","Color","%","https://www.infinit.com.uy/imgs/productos/productos3_8502.jpg"
"1778257012-27","https://www.infinit.com.uy/catalogo/perifericos/infinit/","23","Garantía: 1 AÑO / NUEVO","192248","Mouse Inalambrico LOGITECH M240 Bluetooth Silent Touch Gris","","GRIS","","LOGITECH","0","USD","Cód.","Comprar","","","","Antes","USD",",00","Precio","IVA inc.",",00","En stock","En stock","Cantidad","Color","","https://www.infinit.com.uy/imgs/productos/productos3_38744.jpg"
"1778257012-28","https://www.infinit.com.uy/catalogo/perifericos/infinit/","23","Garantía: 1 AÑO / NUEVO","192249","Mouse Inalambrico LOGITECH M240 Bluetooth Silent Touch Blanco","","BLANCO","","LOGITECH","0","USD","Cód.","Comprar","","","","Antes","USD",",00","Precio","IVA inc.",",00","En stock","En stock","Cantidad","Color","","https://www.infinit.com.uy/imgs/productos/productos3_38748.jpg"
"1778257012-29","https://www.infinit.com.uy/catalogo/perifericos/infinit/","23","Garantía: 3 MESES / NUEVO","KM5221WBKB","Combo DELL KM5221WBKB Teclado y Mouse Inalambrico Wireless","","NEGRO","","DELL","0","USD","Cód.","Comprar","","","","Antes","USD",",00","Precio","IVA inc.",",00","En stock","En stock","Cantidad","Color","","https://www.infinit.com.uy/imgs/productos/productos3_39359.jpg"
"1778257012-30","https://www.infinit.com.uy/catalogo/perifericos/infinit/","25","Garantía: 2 AÑOS / NUEVO","TLUE330","Hub Usb Tplink Ue330 3 Puertos Usb 3.0 Ethernet Rj45 Gigabit","-4%","","4","TP-LINK","26","USD","Cód.","","Consultar","","","Antes","USD",",00","Ahora","IVA inc.",",00","Agotado","Agotado","","","%","https://www.infinit.com.uy/imgs/productos/productos3_12113.jpg"
"1778257012-31","https://www.infinit.com.uy/catalogo/perifericos/infinit/","26","Garantía: 1 AÑO / NUEVO","KC411WSP","Combo Teclado y Mouse","","","","MARVO","0","USD","Cód.","Comprar","","","","Antes","USD",",00","Precio","IVA inc.",",00","En stock","En stock","Cantidad","","","https://www.infinit.com.uy/imgs/productos/productos3_31968.jpg"
"1778257012-32","https://www.infinit.com.uy/catalogo/perifericos/infinit/","28","Garantía: 1 AÑO / NUEVO","195588","Mouse Logitech M317 Negro 2.4 Ghz 1000 Dpi Inalambrico Portable","-3%","NEGRO","3","LOGITECH","29","USD","Cód.","Comprar","","","Destacado","Antes","USD",",00","Ahora","IVA inc.",",00","En stock","En stock","Cantidad","Color","%","https://www.infinit.com.uy/imgs/productos/productos3_16391.jpg"
"1778257012-33","https://www.infinit.com.uy/catalogo/perifericos/infinit/","29","Garantía: 1 AÑO / NUEVO","195680","Combo LOGITECH MK235 Teclado y Mouse Inalambrico Wireless 10mts Alcance Resistente Al Agua","","GRIS","","LOGITECH","0","USD","Cód.","Comprar","","","","Antes","USD",",00","Precio","IVA inc.",",00","En stock","En stock","Cantidad","Color","","https://www.infinit.com.uy/imgs/productos/productos3_9916.jpg"
"1778257012-34","https://www.infinit.com.uy/catalogo/perifericos/infinit/","29","Garantía: 6 MESES / NUEVO","264","Bandeja Cooler Para Notebook THERMALTAKE Lifecool 2 Hasta 17 Pulgadas Negro","","NEGRO","","TT","0","USD","Cód.","Comprar","","","","Antes","USD",",00","Precio","IVA inc.",",00","En stock","En stock","Cantidad","Color","","https://www.infinit.com.uy/imgs/productos/productos3_35889.jpg"
"1778257012-35","https://www.infinit.com.uy/catalogo/perifericos/infinit/","30","Garantía: 1 AÑO / NUEVO","P192300","Combo LOGITECH MK270 Teclado y Mouse Multimedia Inalambrico 10mts Alcance Idioma Español","-9%","","9","LOGITECH","33","USD","Cód.","Comprar","","","","Antes","USD",",00","Ahora","IVA inc.",",00","En stock","En stock","Cantidad","","%","https://www.infinit.com.uy/imgs/productos/productos3_9921.jpg"
"1778257012-36","https://www.infinit.com.uy/catalogo/perifericos/infinit/","32","Garantía: 1 AÑO / NUEVO","195663","Teclado LOGITECH K400 Plus Para Pc Tv Inalambrico Con Touchpad Integrado Windows Android MacOS","","NEGRO","","LOGITECH","32","USD","Cód.","Comprar","","","","Antes","USD",",00","Precio","IVA inc.",",00","En stock","En stock","Cantidad","Color","","https://www.infinit.com.uy/imgs/productos/productos3_12275.jpg"
"1778257012-37","https://www.infinit.com.uy/catalogo/perifericos/infinit/","33","Garantía: 2 AÑOS / NUEVO","195524","Camara Web LOGITECH C270 Hd 720p Usb","-11%","","11","LOGITECH","37","USD","Cód.","Comprar","","","","Antes","USD",",00","Ahora","IVA inc.",",00","En stock","En stock","Cantidad","","%","https://www.infinit.com.uy/imgs/productos/productos3_7372.jpg"
"1778257012-38","https://www.infinit.com.uy/catalogo/perifericos/infinit/","33","Garantía: 1 AÑO / NUEVO","195865","Combo LOGITECH MK295 Teclado y Mouse Inalambrico Silenttouch 2.4Ghz Hasta 10mts A Prueba De Agua","-13%","NEGRO","13","LOGITECH","38","USD","Cód.","Comprar","","","","Antes","USD",",00","Ahora","IVA inc.",",00","En stock","En stock","Cantidad","Color","%","https://www.infinit.com.uy/imgs/productos/productos3_13092.jpg"
"1778257012-39","https://www.infinit.com.uy/catalogo/perifericos/infinit/","33","Garantía: 1 AÑO / NUEVO","MCAIR","Mouse Gamer COUGAR AirBlader 16000 Dpi Cableado Usb","-11%","NEGRO","11","COUGAR","37","USD","Cód.","Comprar","","","","Antes","USD",",00","Ahora","IVA inc.",",00","En stock","En stock","Cantidad","Color","%","https://www.infinit.com.uy/imgs/productos/productos3_31594.jpg"
"1778257012-40","https://www.infinit.com.uy/catalogo/perifericos/infinit/","34","Garantía: 1 AÑO / NUEVO","MM901JBL37","Audifono Auricular JBL Tune 500 Con Microfono 3.5mm Negro","","NEGRO","","JBL","32","USD","Cód.","","Consultar","","","Antes","USD",",00","Ahora","IVA inc.",",00","Agotado","Agotado","","Color","","https://www.infinit.com.uy/imgs/productos/productos3_16453.jpg"
"1778257012-41","https://www.infinit.com.uy/catalogo/perifericos/infinit/","34","Garantía: 6 MESES / NUEVO","MM901JBL38","Audifono Auricular JBL Tune 500 Con Microfono 3.5mm Blanco","","BLANCO","","JBL","0","USD","Cód.","Comprar","","","","Antes","USD",",00","Precio","IVA inc.",",00","En stock","En stock","Cantidad","Color","","https://www.infinit.com.uy/imgs/productos/productos3_40313.jpg"
"1778257012-42","https://www.infinit.com.uy/catalogo/perifericos/infinit/","35","Garantía: 1 AÑO / NUEVO","192434","Combo LOGITECH MK250 Inalambrico Teclado y Mouse Bt 920-013513","","NEGRO","","LOGITECH","0","USD","Cód.","Comprar","","","","Antes","USD",",00","Precio","IVA inc.",",00","En stock","En stock","Cantidad","Color","","https://www.infinit.com.uy/imgs/productos/productos3_41393.jpg"
"1778257012-43","https://www.infinit.com.uy/catalogo/perifericos/infinit/","36","Garantía: 1 AÑO / NUEVO","CH804KNG02","Memoria MicroSD KINGSTON 128Gb Canvas Plus 100mb/s C10","","","","KINGSTON","19","USD","Cód.","Comprar","","","","Antes","USD",",00","Ahora","IVA inc.",",00","En stock","En stock","Cantidad","","","https://www.infinit.com.uy/imgs/productos/productos3_20591.jpg"
"1778257012-44","https://www.infinit.com.uy/catalogo/perifericos/infinit/","36","Garantía: 1 AÑO / NUEVO","MEM474","Memoria MicroSD KINGSTON 128Gb Canvas Plus 150mb/s C10","","","","KINGSTON","0","USD","Cód.","Comprar","","","","Antes","USD",",00","Precio","IVA inc.",",00","En stock","En stock","Cantidad","","","https://www.infinit.com.uy/imgs/productos/productos3_40843.jpg"
"1778257012-45","https://www.infinit.com.uy/catalogo/perifericos/infinit/","37","Garantía: 1 Año de Garantía / Nuevo","P192254","Auricular LOGITECH H390 Usb + Microfono Suspension De Ruido Para Pc","","NEGRO","","LOGITECH","37","USD","Cód.","Comprar","","","","Antes","USD",",00","Precio","IVA inc.",",00","En stock","En stock","Cantidad","Color","","https://www.infinit.com.uy/imgs/productos/productos3_16351.jpg"
"1778257012-46","https://www.infinit.com.uy/catalogo/perifericos/infinit/","40","Garantía: 1 AÑO / NUEVO","195675","Combo LOGITECH MK345 Teclado y Mouse Inalambrico Wireless 2.4Ghz 10mts De Alcance Carga Extra Durable","","NEGRO","","LOGITECH","40","USD","Cód.","Comprar","","","","Antes","USD",",00","Precio","IVA inc.",",00","En stock","En stock","Cantidad","Color","","https://www.infinit.com.uy/imgs/productos/productos3_8678.jpg"
"1778257012-47","https://www.infinit.com.uy/catalogo/perifericos/infinit/","41","Garantía: 1 AÑO / NUEVO","195976","Mouse LOGITECH M650 Grafito 4000Dpi Inalambrico Bluetooth 5 Botones","","BLANCO","","LOGITECH","0","USD","Cód.","Comprar","","ROSA","","Antes","USD",",00","Precio","IVA inc.",",00","En stock","En stock","Cantidad","NEGRO","","https://www.infinit.com.uy/imgs/productos/productos3_20694.jpg"
"1778257012-48","https://www.infinit.com.uy/catalogo/perifericos/infinit/","42","Garantía: 1 AÑO / NUEVO","195979","Mouse LOGITECH M650 Large Grafito 4000Dpi Inalambrico Bluetooth 5 Botones","","NEGRO","","LOGITECH","42","USD","Cód.","","Consultar","","","Antes","USD",",00","Precio","IVA inc.",",00","Agotado","Agotado","","Color","","https://www.infinit.com.uy/imgs/productos/productos3_20855.jpg"
"1778257012-49","https://www.infinit.com.uy/catalogo/perifericos/infinit/","46","Garantía: FUNCIONAL / NUEVO","I01835","Combo FANTECH P51 5 en 1 Teclado - Mouse - Auricular - Mouse pad - Soporte para auriculares RGB","-16%","NEGRO","16","FANTECH","55","USD","Cód.","Comprar","","","","Antes","USD",",00","Ahora","IVA inc.",",00","En stock","En stock","Cantidad","Color","%","https://www.infinit.com.uy/imgs/productos/productos3_38756.jpg"
"1778257012-50","https://www.infinit.com.uy/catalogo/perifericos/infinit/","50","Garantía: 1 AÑO / NUEVO","P192301","Combo Teclado y Mouse LOGITECH MK470 Slim Inalambrico","-17%","NEGRO","17","LOGITECH","60","USD","Cód.","Comprar","","","","Antes","USD",",00","Ahora","IVA inc.",",00","En stock","En stock","Cantidad","Color","%","https://www.infinit.com.uy/imgs/productos/productos3_12270.jpg"
"1778257012-51","https://www.infinit.com.uy/catalogo/perifericos/infinit/","52","Garantía: 3 AÑOS / NUEVO","CH803KNG92","Memoria Micro SD Kingston 256Gb Canvas Plus 100mb/s C10","-7%","NEGRO","7","KINGSTON","56","USD","Cód.","","Consultar","","","Antes","USD",",00","Ahora","IVA inc.",",00","Agotado","Agotado","","Color","%","https://www.infinit.com.uy/imgs/productos/productos3_20595.jpg"
"1778257012-52","https://www.infinit.com.uy/catalogo/perifericos/infinit/","52","Garantía: 3 AÑOS / NUEVO","BFX25M","Memoria Micro SD PATRIOT 256Gb SDXC C30 A1 30MB/s C10 + Adaptador","","","","PATRIOT","0","USD","Cód.","Comprar","","","","Antes","USD",",00","Precio","IVA inc.",",00","En stock","En stock","Cantidad","","","https://www.infinit.com.uy/imgs/productos/productos3_40205.jpg"
"1778257012-53","https://www.infinit.com.uy/catalogo/perifericos/infinit/","56","Garantía: FUNCIONAL / NUEVO","I02031","Combo FANTECH P51 5 en 1 Teclado - Mouse - Auricular - Mouse pad - Soporte para auriculares Usb","","BLANCO","","FANTECH","0","USD","Cód.","Comprar","","","","Antes","USD",",00","Precio","IVA inc.",",00","En stock","En stock","Cantidad","Color","","https://www.infinit.com.uy/imgs/productos/productos3_38462.jpg"
"1778257012-54","https://www.infinit.com.uy/catalogo/perifericos/infinit/","60","Garantía: 1 Año de Garantía / Nuevo","195740","Combo LOGITECH MK540 Tecladoy Mouse Inalambrico 10mt Alcance Unifying Nano Receptor Usb","","NEGRO","","LOGITECH","60","USD","Cód.","","Consultar","","","Antes","USD",",00","Precio","IVA inc.",",00","Agotado","Agotado","","Color","","https://www.infinit.com.uy/imgs/productos/productos3_12265.jpg"
"1778257012-55","https://www.infinit.com.uy/catalogo/perifericos/infinit/","68","Garantía: 2 Años de Garantía / Nuevo","195888","Camara Web Logitech C505 Hd 720p Usb","","NEGRO","","LOGITECH","31","USD","Cód.","Comprar","","","Destacado","Antes","USD",",00","Ahora","IVA inc.",",00","En stock","En stock","Cantidad","Color","","https://www.infinit.com.uy/imgs/productos/productos3_16326.jpg"
"1778257012-56","https://www.infinit.com.uy/catalogo/perifericos/infinit/","68","Garantía: 2 AÑOS / NUEVO","192114","Mouse Logitech Vertical Ergo Lift Bt 4000Dpi 6 Botones","-3%","NEGRO","3","LOGITECH","70","USD","Cód.","Comprar","","","","Antes","USD",",00","Ahora","IVA inc.",",00","En stock","En stock","Cantidad","Color","%","https://www.infinit.com.uy/imgs/productos/productos3_24293.jpg"
"1778257012-57","https://www.infinit.com.uy/catalogo/perifericos/infinit/","74","Garantía: 1 AÑO / NUEVO","BFXSA51T","Memoria Micro SD NETAC 512Gb P500 Pro 100Mb/s C10 + Adaptador","","","","NETAC","0","USD","Cód.","Comprar","","","","Antes","USD",",00","Precio","IVA inc.",",00","En stock","En stock","Cantidad","","","https://www.infinit.com.uy/imgs/productos/productos3_40208.jpg"
"1778257012-58","https://www.infinit.com.uy/catalogo/perifericos/infinit/","77","2 Años de Garantía / Nuevo","195755","Auricular Logitech H570e Stereo Headset Con Microfono Usb","","NEGRO","","LOGITECH","0","USD","Cód.","Comprar","","","Destacado","Antes","USD",",00","Precio","IVA inc.",",00","En stock","En stock","Cantidad","Color","","https://www.infinit.com.uy/imgs/productos/productos3_15856.jpg"
"1778257012-59","https://www.infinit.com.uy/catalogo/perifericos/infinit/","85","Garantía: 2 AÑOS / NUEVO","COM113","Combo Logitech Mk520 Tecladoy Mouse Inalambrico 10mt Alcance Nano Receptor Usb","","NEGRO","","LOGITECH","0","USD","Cód.","Comprar","","","Destacado","Antes","USD",",00","Precio","IVA inc.",",00","En stock","En stock","Cantidad","Color","","https://www.infinit.com.uy/imgs/productos/productos3_31920.jpg"
"1778257012-60","https://www.infinit.com.uy/catalogo/perifericos/infinit/","102","Garantía: 1 Año de Garantía / Nuevo","192376","Mouse LOGITECH MX Vertical 4000dpi Inalambrico 10mts","","NEGRO","","LOGITECH","0","USD","Cód.","Comprar","","","","Antes","USD",",00","Precio","IVA inc.",",00","En stock","En stock","Cantidad","Color","","https://www.infinit.com.uy/imgs/productos/productos3_14244.jpg"
"1778257012-61","https://www.infinit.com.uy/catalogo/perifericos/infinit/","104","Garantía: 2 AÑOS / NUEVO","BFXFACNE","Webcam ELGATO Facecam Neo FullHD 1080p 60Fps","-38%","BLANCO","38","ELGATO","169","USD","Cód.","","Consultar","","","Antes","USD",",00","Ahora","IVA inc.",",00","Agotado","Agotado","","Color","%","https://www.infinit.com.uy/imgs/productos/productos3_35689.jpg"
"1778257012-62","https://www.infinit.com.uy/catalogo/perifericos/infinit/","109","Garantía: 6 MESES / NUEVO","TEC168","Teclado UNITEK D1092A con hub 9 en 1 PD 100W Usb-C HDMI 2.0","","GRIS","","UNITEK","0","USD","Cód.","Comprar","","","","Antes","USD",",00","Precio","IVA inc.",",00","En stock","En stock","Cantidad","Color","","https://www.infinit.com.uy/imgs/productos/productos3_38842.jpg"
"1778257012-63","https://www.infinit.com.uy/catalogo/perifericos/infinit/","111","Garantía: 2 AÑOS / NUEVO","195798","Camara Web LOGITECH C920S PRO HD Full HD Stream H.264 Conexion Usb","-3%","","3","LOGITECH","114","USD","Cód.","Comprar","","","","Antes","USD",",00","Ahora","IVA inc.",",00","En stock","En stock","Cantidad","","%","https://www.infinit.com.uy/imgs/productos/productos3_12009.jpg"
"1778257012-64","https://www.infinit.com.uy/catalogo/perifericos/infinit/","112","Garantía: 1 AÑO / NUEVO","PAR126","Parlantes EDIFIER R1100 2.0 42w Rms Rca Auxiliar Entrada de Linea 3.5mm","","NEGRO","","EDIFIER","112","USD","Cód.","Comprar","","","","Antes","USD",",00","Precio","IVA inc.",",00","En stock","En stock","Cantidad","Color","","https://www.infinit.com.uy/imgs/productos/productos3_11287.jpg"
"1778257012-65","https://www.infinit.com.uy/catalogo/perifericos/infinit/","120","Garantía: 1 AÑO / NUEVO","195985","Teclado LOGITECH Mx Keys Mini Retroiluminado Inalambrico Bluetooth","","","","LOGITECH","0","USD","Cód.","Comprar","","","","Antes","USD",",00","Precio","IVA inc.",",00","En stock","En stock","Cantidad","NEGRO","","https://www.infinit.com.uy/imgs/productos/productos3_20976.jpg"
"1778257012-66","https://www.infinit.com.uy/catalogo/perifericos/infinit/","120","Garantía: 1 AÑO / NUEVO","195986","Teclado LOGITECH Mx Keys Mini Retroiluminado Inalambrico Bluetooth Gris","","GRIS","","LOGITECH","0","USD","Cód.","Comprar","","","","Antes","USD",",00","Precio","IVA inc.",",00","En stock","En stock","Cantidad","Color","","https://www.infinit.com.uy/imgs/productos/productos3_38310.jpg"
"1778257012-67","https://www.infinit.com.uy/catalogo/perifericos/infinit/","133","Garantía: 2 AÑOS / NUEVO","195749","Camara Web Logitech C922 Pro Stream Full Hd 1080p H.264 Conexion Usb","","NEGRO","","LOGITECH","133","USD","Cód.","Comprar","","","","Antes","USD",",00","Precio","IVA inc.",",00","En stock","En stock","Cantidad","Color","","https://www.infinit.com.uy/imgs/productos/productos3_9405.jpg"
"1778257012-68","https://www.infinit.com.uy/catalogo/perifericos/infinit/","134","Garantía: 2 Años de Garantía / Nuevo","195714","Camara Web LOGITECH C925E Full HD 1080p 3mpx Usb Enfoque Automatico","","NEGRO","","LOGITECH","133","USD","Cód.","Comprar","","","","Antes","USD",",00","Ahora","IVA inc.",",00","En stock","En stock","Cantidad","Color","","https://www.infinit.com.uy/imgs/productos/productos3_12256.jpg"
"1778257012-69","https://www.infinit.com.uy/catalogo/perifericos/infinit/","146","Garantía: 1 AÑO / NUEVO","P192245","Teclado LOGITECH Mx Keys Inalambrico Iluminacion Automatica Bluetooth","-1%","NEGRO","1","LOGITECH","147","USD","Cód.","Comprar","","","","Antes","USD",",00","Ahora","IVA inc.",",00","En stock","En stock","Cantidad","Color","%","https://www.infinit.com.uy/imgs/productos/productos3_20153.jpg"
"1778257012-70","https://www.infinit.com.uy/catalogo/perifericos/infinit/","154","Garantía: 1 AÑO / NUEVO","192332","Camara Web LOGITECH Brio 500 Ultra Wide 4mp 1080p Usb-c Videoconferencia","","NEGRO","","LOGITECH","0","USD","Cód.","Comprar","","","Destacado","Antes","USD",",00","Precio","IVA inc.",",00","En stock","En stock","Cantidad","Color","","https://www.infinit.com.uy/imgs/productos/productos3_25775.jpg"
"1778257012-71","https://www.infinit.com.uy/catalogo/perifericos/infinit/","163","Garantía: 1 AÑO / NUEVO","PAR339","Parlante EDIFIER R1280DBS 2.0 42w Rms Bluetooth 5.0  Control Remoto Rca Optico Coaxial","-7%","NEGRO","7","EDIFIER","175","USD","Cód.","Comprar","","","","Antes","USD",",00","Ahora","IVA inc.",",00","En stock","En stock","Cantidad","Color","%","https://www.infinit.com.uy/imgs/productos/productos3_23059.jpg"
"1778257012-72","https://www.infinit.com.uy/catalogo/perifericos/infinit/","179","Garantía: 1 AÑO / NUEVO","192141","Camara Web Logitech Brio 500 Ultra Wide 4mp 1080p Usb-c Videoconferencia","","BLANCO","","LOGITECH","179","USD","Cód.","Comprar","","","Destacado","Antes","USD",",00","Precio","IVA inc.",",00","En stock","En stock","Cantidad","Color","","https://www.infinit.com.uy/imgs/productos/productos3_25785.jpg"
"1778257012-73","https://www.infinit.com.uy/catalogo/perifericos/infinit/","182","Garantía: 1 AÑO / NUEVO","192140","Camara Web Logitech Brio 500 Ultra Wide 4mp 1080p Usb-c Videoconferencia","","ROSA","","LOGITECH","179","USD","Cód.","Comprar","","","Destacado","Antes","USD",",00","Ahora","IVA inc.",",00","En stock","En stock","Cantidad","Color","","https://www.infinit.com.uy/imgs/productos/productos3_25780.jpg"
"1778257012-74","https://www.infinit.com.uy/catalogo/perifericos/infinit/","189","Garantía: 1 AÑO / NUEVO","PAR282","Parlante EDIFIER R1700BTS 2.0 66w Rms Bluetooth 4.0 Control Remoto Madera Rca Optico","-3%","MARRON","3","EDIFIER","194","USD","Cód.","","Consultar","","","Antes","USD",",00","Ahora","IVA inc.",",00","Agotado","Agotado","","Color","%","https://www.infinit.com.uy/imgs/productos/productos3_20534.jpg"
"1778257012-75","https://www.infinit.com.uy/catalogo/perifericos/infinit/","231","Garantía: 2 AÑOS / NUEVO","BFXLGFC","Webcam ELGATO Facecam Mk2 FullHD 1080p 60Fps","-5%","NEGRO","5","ELGATO","244","USD","Cód.","","Consultar","","","Antes","USD",",00","Ahora","IVA inc.",",00","Agotado","Agotado","","Color","%","https://www.infinit.com.uy/imgs/productos/productos3_35704.jpg"
"1778257012-76","https://www.infinit.com.uy/catalogo/perifericos/infinit/","343","Garantía: 2 AÑOS / NUEVO","BFXELFC","Webcam ELGATO Facecam 4k 2160p 60Fps","-1%","","1","ELGATO","345","USD","Cód.","Comprar","","","","Antes","USD",",00","Ahora","IVA inc.",",00","En stock","En stock","Cantidad","","%","https://www.infinit.com.uy/imgs/productos/productos3_41119.jpg"
"1778257012-77","https://www.infinit.com.uy/catalogo/perifericos/infinit/","390","Garantía: 1 AÑO / NUEVO","PAR146","Parlante EDIFIER S350db 2.1ch 150w Rms Bluetooth 4.0 Aptx Subwoofer Control Remoto Rca Optico","-6%","MARRON","6","EDIFIER","414","USD","Cód.","Comprar","","","","Antes","USD",",00","Ahora","IVA inc.",",00","En stock","En stock","Cantidad","Color","%","https://www.infinit.com.uy/imgs/productos/productos3_11401.jpg"
"1778257012-78","https://www.infinit.com.uy/catalogo/perifericos/infinit/","404","2 Años De Garantía / Nuevo","195833","Parlante Logitech VC Para Rally Videoconferencia","","NEGRO","","LOGITECH","0","USD","Cód.","Comprar","","","Destacado","Antes","USD",",00","Precio","IVA inc.",",00","En stock","En stock","Cantidad","Color","","https://www.infinit.com.uy/imgs/productos/productos3_16155.jpg"
"1778257012-79","https://www.infinit.com.uy/catalogo/perifericos/infinit/","514","Garantía: 1 AÑO / NUEVO","PAR301","Parlantes EDIFIER S2000MKIII 130w Rms Bluetooth 5.0 Optico HiFi 2.0 Control Remoto Madera","-9%","MARRON","9","EDIFIER","567","USD","Cód.","Comprar","","","","Antes","USD",",00","Ahora","IVA inc.",",00","En stock","En stock","Cantidad","Color","%","https://www.infinit.com.uy/imgs/productos/productos3_14758.jpg"
"1778257012-80","https://www.infinit.com.uy/catalogo/perifericos/infinit/","819","Garantía: 3 AÑOS / NUEVO","195751","Camara Web Logitech Ptz Pro 2 Full Hd 1080p Videoconferencia Control Remoto","-2%","GRIS","2","LOGITECH","832","USD","Cód.","Comprar","","","","Antes","USD",",00","Ahora","IVA inc.",",00","En stock","En stock","Cantidad","Color","%","https://www.infinit.com.uy/imgs/productos/productos3_15852.jpg"
"1778257012-81","https://www.infinit.com.uy/catalogo/perifericos/infinit/","1.316","Garantía: 2 AÑOS / NUEVO","195716","Camara Web LOGITECH Meetup Ultra Hd 4k Motorizada Bluetooth Mando Distancia Videoconferencia","-2%","","2","LOGITECH","1.337","USD","Cód.","Comprar","","","","Antes","USD",",00","Ahora","IVA inc.",",00","En stock","En stock","Cantidad","","%","https://www.infinit.com.uy/imgs/productos/productos3_12239.jpg"
"1778257012-82","https://www.infinit.com.uy/catalogo/perifericos/infinit/","1.857","Garantía: 2 AÑOS / NUEVO","195684","Sistema De Videoconferencia Para Sala LOGITECH Group Robotizado 1080p Control Remoto Consola Panoramita 260 Grados","-2%","","2","LOGITECH","1.887","USD","Cód.","Comprar","","","","Antes","USD",",00","Ahora","IVA inc.",",00","En stock","En stock","Cantidad","NEGRO","%","https://www.infinit.com.uy/imgs/productos/productos3_12233.jpg"
